Session,Exp,Set
212_FED_20170322a_3T2_PL2017,langloc_DiffTasks_1,Language
249_FED_20170417a_3T2_PL2017,langloc_DiffTasks_1,Language
338_FED_20190123a_3T2_PL2017,langloc_DiffTasks_1,Language
426_FED_20170321b_3T2_PL2017,langloc_DiffTasks_1,Language
551_FED_20170420b_3T2_PL2017,langloc_DiffTasks_1,Language
553_FED_20170428d_3T2_PL2017,langloc_DiffTasks_1,Language
584_FED_20190208a_3T2_PL2017,langloc_DiffTasks_1,Language
602_FED_20170501b_3T2_PL2017,langloc_DiffTasks_1,Language
604_FED_20170502b_3T2_PL2017,langloc_DiffTasks_1,Language
605_FED_20170505a_3T2_PL2017,langloc_DiffTasks_1,Language
606_FED_20170515a_3T2_PL2017,langloc_DiffTasks_1,Language
673_FED_20190131c_3T2_PL2017,langloc_DiffTasks_1,Language
673_FED_20180720a_3T2_PL2017,langloc_DiffTasks_1,Language
674_FED_20180720b_3T2_PL2017,langloc_DiffTasks_1,Language
675_FED_20180726a_3T2_PL2017,langloc_DiffTasks_1,Language
680_FED_20190131e_3T2_PL2017,langloc_DiffTasks_1,Language
705_FED_20190117a_3T2_PL2017,langloc_DiffTasks_1,Language
707_FED_20190117c_3T2_PL2017,langloc_DiffTasks_1,Language
709_FED_20190124a_3T2_PL2017,langloc_DiffTasks_1,Language
710_FED_20190124b_3T2_PL2017,langloc_DiffTasks_1,Language
712_FED_20190124d_3T2_PL2017,langloc_DiffTasks_1,Language
714_FED_20190131a_3T2_PL2017,langloc_DiffTasks_1,Language
715_FED_20190131b_3T2_PL2017,langloc_DiffTasks_1,Language
716_FED_20190131d_3T2_PL2017,langloc_DiffTasks_1,Language
717_FED_20190207a_3T2_PL2017,langloc_DiffTasks_1,Language
718_FED_20190207b_3T2_PL2017,langloc_DiffTasks_1,Language
719_FED_20190207c_3T2_PL2017,langloc_DiffTasks_1,Language
720_FED_20190208b_3T2_PL2017,langloc_DiffTasks_1,Language
721_FED_20190208c_3T2_PL2017,langloc_DiffTasks_1,Language
722_FED_20190213a_3T2_PL2017,langloc_DiffTasks_1,Language
724_FED_20190214b_3T2_PL2017,langloc_DiffTasks_1,Language
018_KAN_RHnonlit_09_PL2017,langlocSN,Language
018_FED_20150817a_3T1_PL2017,langlocSN,Language
036_KAN_EvDB_20150501b_PL2017,langlocSN,Language
043_FED_20170630b_3T2_PL2017,langlocSN,Language
045_FED_20160803a_3T1_PL2017,langlocSN,Language
045_FED_20160817a_3T2_PL2017,langlocSN,Language
049_KAN_RHnonlit_10_PL2017,langlocSN,Language
050_KAN_evDB_20131218b_PL2017,langlocSN,Language
055_FED_20191106a_3T2_PL2017,langlocSN,Language
090_KAN_polyglot_01_PL2017,langlocSN,Language
097_KAN_RHnonlit_05_PL2017,langlocSN,Language
113_KAN_prodsemphon_05_PL2017,langlocSN,Language
117_KAN_EvDB_20150217c_PL2017,langlocSN,Language
127_FED_20160331a_3T1_PL2017,langlocSN,Language
127_KAN_EvDB_20150217a_PL2017,langlocSN,Language
135_KAN_RHnonlit_06_PL2017,langlocSN,Language
136_KAN_RHnonlit_03_PL2017,langlocSN,Language
138_KAN_RHnonlit_02_PL2017,langlocSN,Language
143_FED_20160222a_3T2_PL2017,langlocSN,Language
143_KAN_evDB_20140121b_PL2017,langlocSN,Language
149_KAN_EvDB_20150501a_PL2017,langlocSN,Language
152_KAN_RHnonlit_01_PL2017,langlocSN,Language
159_KAN_prodsemphon_01_PL2017,langlocSN,Language
163_KAN_evDB_20141110b_PL2017,langlocSN,Language
168_FED_20170918a_3T2_PL2017,langlocSN,Language
168_KAN_evDB_20141020b_PL2017,langlocSN,Language
168_FED_20160107b_3T2_PL2017,langlocSN,Language
171_KAN_langsens_05_PL2017,langlocSN,Language
172_KAN_prodsemphon_02_PL2017,langlocSN,Language
175_FED_20160121a_3T2_PL2017,langlocSN,Language
175_FED_20170922a_3T2_PL2017,langlocSN,Language
179_FED_20160706b_3T1_PL2017,langlocSN,Language
181_KAN_polyglot_02_PL2017,langlocSN,Language
182_FED_20161102_3T1_PL2017,langlocSN,Language
182_KAN_polyglot_03_PL2017,langlocSN,Language
183_POLY01_20160420_3T1_PL2017,langlocSN,Language
183_KAN_polyglot_04a_PL2017,langlocSN,Language
185_KAN_langsens_01_PL2017,langlocSN,Language
186_KAN_langsens_03_PL2017,langlocSN,Language
187_KAN_SpLoc_01_PL2017,langlocSN,Language
188_KAN_SpLoc_02_PL2017,langlocSN,Language
189_KAN_langsens_04_PL2017,langlocSN,Language
189_FED_20150916a_3T2_PL2017,langlocSN,Language
191_KAN_prodsemphon_03_PL2017,langlocSN,Language
192_KAN_prodsemphon_04_PL2017,langlocSN,Language
193_KAN_SpLoc_03_PL2017,langlocSN,Language
194_KAN_RHnonlit_04_PL2017,langlocSN,Language
195_KAN_parametric_18_PL2017,langlocSN,Language
196_KAN_parametric_19_PL2017,langlocSN,Language
197_KAN_RHnonlit_07_PL2017,langlocSN,Language
198_KAN_RHnonlit_08_PL2017,langlocSN,Language
199_KAN_parametric_20_PL2017,langlocSN,Language
200_KAN_parametric_21_PL2017,langlocSN,Language
201_KAN_RHnonlit_11_PL2017,langlocSN,Language
202_KAN_evDB_20131204_PL2017,langlocSN,Language
203_KAN_SpLoc_04_PL2017,langlocSN,Language
204_KAN_prodsemphon_06_PL2017,langlocSN,Language
205_KAN_evDB_20131216_PL2017,langlocSN,Language
206_POLY07_20160425_3T2_PL2017,langlocSN,Language
206_KAN_evDB_20131218a_PL2017,langlocSN,Language
207_KAN_evDB_20140113a_PL2017,langlocSN,Language
208_KAN_EvDB_20150224a_PL2017,langlocSN,Language
208_KAN_evDB_20140121a_PL2017,langlocSN,Language
209_KAN_evDB_20140224_PL2017,langlocSN,Language
210_KAN_EvDB_20150223d_PL2017,langlocSN,Language
210_KAN_evDB_20140303a_PL2017,langlocSN,Language
211_KAN_evDB_20140303b_PL2017,langlocSN,Language
211_KAN_EvDB_20150217b_PL2017,langlocSN,Language
212_KAN_evDB_20140303c_PL2017,langlocSN,Language
213_KAN_evDB_20140310a_PL2017,langlocSN,Language
214_KAN_evDB_20140310b_PL2017,langlocSN,Language
215_FED_20150615d_3T2_PL2017,langlocSN,Language
215_FED_20150729a_3T1_PL2017,langlocSN,Language
215_KAN_evDB_20140724a_PL2017,langlocSN,Language
216_KAN_SpLoc_05_PL2017,langlocSN,Language
217_KAN_evDB_20140724b_PL2017,langlocSN,Language
218_KAN_evDB_20140807a_PL2017,langlocSN,Language
219_KAN_evDB_20140807b_PL2017,langlocSN,Language
220_KAN_prodsemphon_07_PL2017,langlocSN,Language
221_KAN_evDB_20140808_PL2017,langlocSN,Language
222_KAN_prodsemphon_08_PL2017,langlocSN,Language
223_KAN_evDB_20140820a_PL2017,langlocSN,Language
224_FED_20160823b_3T1_PL2017,langlocSN,Language
224_KAN_prodsemphon_09_PL2017,langlocSN,Language
225_KAN_evDB_20140820b_PL2017,langlocSN,Language
226_KAN_prodsemphon_10_PL2017,langlocSN,Language
227_KAN_evDB_20141021b_PL2017,langlocSN,Language
228_KAN_evDB_20141028_PL2017,langlocSN,Language
229_KAN_evDB_20141103c_PL2017,langlocSN,Language
229_KAN_SpLoc_06_PL2017,langlocSN,Language
230_KAN_prodsemphon_12_PL2017,langlocSN,Language
231_KAN_prodsemphon_13_PL2017,langlocSN,Language
232_KAN_prodsemphon_14_PL2017,langlocSN,Language
233_KAN_evDB_20141020a_PL2017,langlocSN,Language
234_KAN_prodsemphon_15_PL2017,langlocSN,Language
235_KAN_prodsemphon_16_PL2017,langlocSN,Language
236_KAN_evDB_20141021c_PL2017,langlocSN,Language
237_KAN_evDB_20141027a_PL2017,langlocSN,Language
238_KAN_EvDB_20150504_PL2017,langlocSN,Language
238_KAN_evDB_20141027c_PL2017,langlocSN,Language
239_KAN_evDB_20141027d_PL2017,langlocSN,Language
239_KAN_evDB_20150129b_PL2017,langlocSN,Language
240_KAN_evDB_20141103a_PL2017,langlocSN,Language
241_KAN_evDB_20141103d_PL2017,langlocSN,Language
242_KAN_evDB_20141110a_PL2017,langlocSN,Language
243_KAN_prodsemphon_18_PL2017,langlocSN,Language
244_KAN_evDB_20141201a_PL2017,langlocSN,Language
245_KAN_evDB_20141201b_PL2017,langlocSN,Language
246_KAN_evDB_20141201c_PL2017,langlocSN,Language
247_KAN_evDB_20141215b_PL2017,langlocSN,Language
248_KAN_evDB_20150129a_PL2017,langlocSN,Language
248_FED_20151231c_3T2_PL2017,langlocSN,Language
249_FED_20160817b_3T1_PL2017,langlocSN,Language
249_FED_20170110a_3T2_PL2017,langlocSN,Language
249_KAN_EvDB_20150130_PL2017,langlocSN,Language
250_KAN_evDB_20150205a_PL2017,langlocSN,Language
251_FED_20150828d_3T2_PL2017,langlocSN,Language
251_KAN_evDB_20150205b_PL2017,langlocSN,Language
252_FED_20181010b_3T2_PL2017,langlocSN,Language
252_KAN_evDB_20150206_PL2017,langlocSN,Language
253_KAN_EvDB_20150211a_PL2017,langlocSN,Language
254_KAN_EvDB_20150211c_PL2017,langlocSN,Language
255_KAN_EvDB_20150223a_PL2017,langlocSN,Language
256_KAN_EvDB_20150223b_PL2017,langlocSN,Language
257_KAN_EvDB_20150310b_PL2017,langlocSN,Language
257_KAN_EvDB_20150223c_PL2017,langlocSN,Language
258_KAN_EvDB_20150224b_PL2017,langlocSN,Language
259_KAN_EvDB_20150224c_PL2017,langlocSN,Language
260_KAN_EvDB_20150303_PL2017,langlocSN,Language
261_KAN_EvDB_20150304a_PL2017,langlocSN,Language
261_KAN_EvDB_20150310a_PL2017,langlocSN,Language
261_FED_20170828a_3T2_PL2017,langlocSN,Language
262_FED_20160909a_3T2_PL2017,langlocSN,Language
262_FED_20170118a_3T2_PL2017,langlocSN,Language
262_KAN_evDB_20150304b_PL2017,langlocSN,Language
263_KAN_evDB_20150306_PL2017,langlocSN,Language
264_KAN_EvDB_20150310c_PL2017,langlocSN,Language
265_KAN_EvDB_20150310d_PL2017,langlocSN,Language
266_KAN_EvDB_20150311c_PL2017,langlocSN,Language
267_KAN_EvDB_20150316a_PL2017,langlocSN,Language
268_FED_20170929a_3T2_PL2017,langlocSN,Language
268_KAN_EvDB_20150317a_PL2017,langlocSN,Language
269_KAN_EvDB_20150317b_PL2017,langlocSN,Language
270_KAN_EvDB_20150317c_PL2017,langlocSN,Language
271_KAN_EvDB_20150323a_PL2017,langlocSN,Language
271_FED_20150908a_3T2_PL2017,langlocSN,Language
272_KAN_EvDB_20150323b_PL2017,langlocSN,Language
273_KAN_EvDB_20150506_PL2017,langlocSN,Language
273_KAN_EvDB_20150323c_PL2017,langlocSN,Language
274_KAN_EvDB_20150324a_PL2017,langlocSN,Language
275_KAN_EvDB_20150324b_PL2017,langlocSN,Language
276_KAN_EvDB_20150325a_PL2017,langlocSN,Language
278_KAN_EvDB_20150428a_PL2017,langlocSN,Language
279_KAN_EvDB_20150429a_PL2017,langlocSN,Language
280_FED_20150811c_3T1_PL2017,langlocSN,Language
280_KAN_EvDB_20150429b_PL2017,langlocSN,Language
281_KAN_EvDB_20150429e_PL2017,langlocSN,Language
282_KAN_EvDB_20150505a_PL2017,langlocSN,Language
283_FED_20170831b_3T2_PL2017,langlocSN,Language
283_KAN_EvDB_20150505b_PL2017,langlocSN,Language
284_KAN_EvDB_20150508_PL2017,langlocSN,Language
286_KAN_EvDB_20150521a_PL2017,langlocSN,Language
287_KAN_EvDB_20150521c_PL2017,langlocSN,Language
288_FED_20170412b_3T2_PL2017,langlocSN,Language
288_FED_20150613a_3T1_PL2017,langlocSN,Language
289_FED_20150613b_3T1_PL2017,langlocSN,Language
290_FED_20170109b_3T2_PL2017,langlocSN,Language
290_FED_20170426a_3T2_PL2017,langlocSN,Language
290_FED_20150615a_3T2_PL2017,langlocSN,Language
291_FED_20160523a_3T2_PL2017,langlocSN,Language
291_FED_20150615b_3T2_PL2017,langlocSN,Language
292_FED_20150615c_3T2_PL2017,langlocSN,Language
293_FED_20150619a_3T2_PL2017,langlocSN,Language
294_FED_20150619b_3T2_PL2017,langlocSN,Language
295_FED_20150625a_3T2_PL2017,langlocSN,Language
296_FED_20150810a_3T1_PL2017,langlocSN,Language
296_FED_20150625b_3T2_PL2017,langlocSN,Language
297_FED_20150625c_3T2_PL2017,langlocSN,Language
298_FED_20150625d_3T2_PL2017,langlocSN,Language
298_FED_20150810b_3T1_PL2017,langlocSN,Language
299_FED_20150708a_3T2_PL2017,langlocSN,Language
300_FED_20150708b_3T2_PL2017,langlocSN,Language
301_FED_20150708c_3T2_PL2017,langlocSN,Language
302_FED_20150709a_3T2_PL2017,langlocSN,Language
303_FED_20150709c_3T2_PL2017,langlocSN,Language
304_FED_20150710a_3T2_PL2017,langlocSN,Language
305_FED_20150710b_3T2_PL2017,langlocSN,Language
306_FED_20150715a_3T2_PL2017,langlocSN,Language
307_FED_20150715d_3T2_PL2017,langlocSN,Language
308_FED_20150716a_3T2_PL2017,langlocSN,Language
309_FED_20150717a_3T2_PL2017,langlocSN,Language
310_FED_20150617a_3T2_PL2017,langlocSN,Language
311_FED_20150617b_3T2_PL2017,langlocSN,Language
312_FED_20170925a_3T2_PL2017,langlocSN,Language
318_FED_20191106d_3T2_PL2017,langlocSN,Language
319_FED_20150624a_3T2_PL2017,langlocSN,Language
320_POLY05_20160425_3T1_PL2017,langlocSN,Language
320_FED_20150624c_3T2_PL2017,langlocSN,Language
321_FED_20150819a_3T1_PL2017,langlocSN,Language
322_FED_20150820a_3T2_PL2017,langlocSN,Language
323_FED_20150823_3T2_PL2017,langlocSN,Language
324_FED_20150827a_3T2_PL2017,langlocSN,Language
325_FED_20150827b_3T2_PL2017,langlocSN,Language
326_FED_20170923a_3T2_PL2017,langlocSN,Language
326_FED_20150828c_3T2_PL2017,langlocSN,Language
326_FED_20160523e_3T2_PL2017,langlocSN,Language
327_FED_20150923b_3T2_PL2017,langlocSN,Language
328_FED_20151106b_3T1_PL2017,langlocSN,Language
329_FED_20151109a_3T1_PL2017,langlocSN,Language
330_FED_20151111a_3T1_PL2017,langlocSN,Language
331_FED_20151111c_3T1_PL2017,langlocSN,Language
332_FED_20151113a_3T1_PL2017,langlocSN,Language
333_FED_20151119a_3T1_PL2017,langlocSN,Language
334_FED_20151119a_3T2_PL2017,langlocSN,Language
335_FED_20151120a_3T1_PL2017,langlocSN,Language
336_FED_20151212_3T1_PL2017,langlocSN,Language
337_FED_20151215a_3T1_PL2017,langlocSN,Language
338_FED_20170113b_3T2_PL2017,langlocSN,Language
338_FED_20170614b_3T2_PL2017,langlocSN,Language
338_FED_20160112a_3T2_PL2017,langlocSN,Language
338_FED_20151215c_3T2_PL2017,langlocSN,Language
339_FED_20151217a_3T2_PL2017,langlocSN,Language
340_FED_20151217b_3T2_PL2017,langlocSN,Language
341_FED_20151217c_3T2_PL2017,langlocSN,Language
342_FED_20160105c_3T2_PL2017,langlocSN,Language
343_FED_20160107a_3T2_PL2017,langlocSN,Language
344_FED_20160107e_3T2_PL2017,langlocSN,Language
345_FED_20160112b_3T2_PL2017,langlocSN,Language
346_FED_20160112e_3T2_PL2017,langlocSN,Language
347_FED_20160114e_3T2_PL2017,langlocSN,Language
348_FED_20160119c_3T2_PL2017,langlocSN,Language
349_FED_20160119d_3T2_PL2017,langlocSN,Language
350_FED_20160121c_3T2_PL2017,langlocSN,Language
351_FED_20160126a_3T2_PL2017,langlocSN,Language
352_FED_20160126e_3T2_PL2017,langlocSN,Language
353_FED_20160127a_3T1_PL2017,langlocSN,Language
354_FED_20160128d_3T2_PL2017,langlocSN,Language
355_FED_20160128e_3T2_PL2017,langlocSN,Language
356_FED_20160202c_3T2_PL2017,langlocSN,Language
357_FED_20160205m_3T2_PL2017,langlocSN,Language
358_FED_20160208m_3T2_PL2017,langlocSN,Language
359_FED_20160209m_3T2_PL2017,langlocSN,Language
360_FED_20160211a_3T2_PL2017,langlocSN,Language
361_FED_20160211b_3T2_PL2017,langlocSN,Language
362_FED_20160212m_3T1_PL2017,langlocSN,Language
363_FED_20160222b_3T2_PL2017,langlocSN,Language
364_FED_20160229a_3T1_PL2017,langlocSN,Language
365_FED_20170120a_3T2_PL2017,langlocSN,Language
365_FED_20160229c_3T1_PL2017,langlocSN,Language
366_FED_20170922b_3T2_PL2017,langlocSN,Language
366_FED_20160229d_3T1_PL2017,langlocSN,Language
366_FED_20161103a_3T1_PL2017,langlocSN,Language
367_FED_20160309b_3T1_PL2017,langlocSN,Language
368_FED_20160310b_3T1_PL2017,langlocSN,Language
369_FED_20160317b_3T1_PL2017,langlocSN,Language
370_FED_20160317c_3T1_PL2017,langlocSN,Language
371_FED_20160318a_3T1_PL2017,langlocSN,Language
372_FED_20160318b_3T1_PL2017,langlocSN,Language
373_FED_20160318c_3T1_PL2017,langlocSN,Language
375_FED_20160331d_3T1_PL2017,langlocSN,Language
376_FED_20160401b_3T2_PL2017,langlocSN,Language
378_FED_20160405a_3T1_PL2017,langlocSN,Language
379_FED_20160407a_3T1_PL2017,langlocSN,Language
380_FED_20160407b_3T1_PL2017,langlocSN,Language
381_FED_20160407c_3T1_PL2017,langlocSN,Language
382_FED_20160407a_3T2_PL2017,langlocSN,Language
383_POLY04_20160420_3T1_PL2017,langlocSN,Language
383_FED_20160505a_3T1_PL2017,langlocSN,Language
384_FED_20160421a_3T2_PL2017,langlocSN,Language
385_POLY03_20160421_3T2_PL2017,langlocSN,Language
386_FED_20160425d_3T1_PL2017,langlocSN,Language
387_FED_20160425a_3T1_PL2017,langlocSN,Language
388_FED_20160426b_3T1_PL2017,langlocSN,Language
389_POLY02_20160425_3T1_PL2017,langlocSN,Language
390_FED_20160428a_3T1_PL2017,langlocSN,Language
391_FED_20160429a_3T2_PL2017,langlocSN,Language
392_FED_20160504a_3T1_PL2017,langlocSN,Language
393_FED_20160504b_3T2_PL2017,langlocSN,Language
394_POLY08_20160505_3T1_PL2017,langlocSN,Language
395_FED_20160506a_3T2_PL2017,langlocSN,Language
396_POLY09_20160512_3T1_PL2017,langlocSN,Language
397_FED_20160516a_3T1_PL2017,langlocSN,Language
398_FED_20160516b_3T1_PL2017,langlocSN,Language
399_FED_20160519d_3T1_PL2017,langlocSN,Language
400_FED_20160520a_3T1_PL2017,langlocSN,Language
401_FED_20160520d_3T1_PL2017,langlocSN,Language
402_FED_20160526c_3T1_PL2017,langlocSN,Language
403_FED_20160526b_3T1_PL2017,langlocSN,Language
404_FED_20160527a_3T2_PL2017,langlocSN,Language
405_FED_20160531a_3T1_PL2017,langlocSN,Language
406_FED_20160601a_3T1_PL2017,langlocSN,Language
407_FED_20160616a_3T2_PL2017,langlocSN,Language
408_FED_20160617a_3T2_PL2017,langlocSN,Language
409_FED_20160622a_3T1_PL2017,langlocSN,Language
409_FED_20160728a_3T2_PL2017,langlocSN,Language
410_FED_20160623b_3T2_PL2017,langlocSN,Language
411_FED_20160624a_3T2_PL2017,langlocSN,Language
412_FED_20160707a_3T1_PL2017,langlocSN,Language
413_FED_20160707c_3T1_PL2017,langlocSN,Language
414_FED_20160711b_3T1_PL2017,langlocSN,Language
415_FED_20160714a_3T2_PL2017,langlocSN,Language
416_FED_20160802a_3T1_PL2017,langlocSN,Language
417_FED_20160803b_3T1_PL2017,langlocSN,Language
417_FED_20161217c_3T2_PL2017,langlocSN,Language
418_FED_20160803a_3T2_PL2017,langlocSN,Language
419_FED_20160805a_3T1_PL2017,langlocSN,Language
420_FED_20160805b_3T1_PL2017,langlocSN,Language
421_FED_20160804b_3T1_PL2017,langlocSN,Language
422_FED_20160816a_3T1_PL2017,langlocSN,Language
423_FED_20160817c_3T1_PL2017,langlocSN,Language
424_FED_20160930a_3T1_PL2017,langlocSN,Language
424_FED_20161102b_3T1_PL2017,langlocSN,Language
424_FED_20160817a_3T1_PL2017,langlocSN,Language
425_FED_20160818b_3T1_PL2017,langlocSN,Language
426_FED_20160823a_3T1_PL2017,langlocSN,Language
426_FED_20160908d_3T1_PL2017,langlocSN,Language
427_FED_20160823c_3T1_PL2017,langlocSN,Language
428_FED_20160906a_3T2_PL2017,langlocSN,Language
429_FED_20160906b_3T2_PL2017,langlocSN,Language
430_FED_20160906d_3T2_PL2017,langlocSN,Language
430_FED_20170110b_3T2_PL2017,langlocSN,Language
430_FED_20170426d_3T2_PL2017,langlocSN,Language
430_FED_20170614c_3T2_PL2017,langlocSN,Language
430_FED_20170823a_3T2_PL2017,langlocSN,Language
431_FED_20160907d_3T2_PL2017,langlocSN,Language
432_FED_20160907a_3T2_PL2017,langlocSN,Language
433_FED_20160908c_3T1_PL2017,langlocSN,Language
434_FED_20160909c_3T2_PL2017,langlocSN,Language
435_FED_20160909b_3T2_PL2017,langlocSN,Language
436_FED_20160909d_3T2_PL2017,langlocSN,Language
437_FED_20160929_3T1_PL2017,langlocSN,Language
438_FED_20160929a_3T1_PL2017,langlocSN,Language
439_POLY10_20160930_3T1_PL2017,langlocSN,Language
440_FED_20160930_3T2_PL2017,langlocSN,Language
441_FED_20161004a_3T1_PL2017,langlocSN,Language
442_FED_20161004b_3T1_PL2017,langlocSN,Language
443_FED_20170412_3T2_PL2017,langlocSN,Language
443_FED_20161005_3T1_PL2017,langlocSN,Language
444_FED_20161006_3T1_PL2017,langlocSN,Language
445_FED_20161007_3T2_PL2017,langlocSN,Language
446_FED_20161007_3T2_PL2017,langlocSN,Language
447_FED_20161012a_3T2_PL2017,langlocSN,Language
448_FED_20161012b_3T2_PL2017,langlocSN,Language
449_FED_20161012c_3T2_PL2017,langlocSN,Language
449_FED_20170201b_3T2_PL2017,langlocSN,Language
450_FED_20161012_3T1_PL2017,langlocSN,Language
451_FED_20161013_3T1_PL2017,langlocSN,Language
452_POLY11_20161014_3T1_PL2017,langlocSN,Language
453_FED_20161014_3T1_PL2017,langlocSN,Language
454_FED_20161017_3T1_PL2017,langlocSN,Language
455_FED_20161018_3T1_PL2017,langlocSN,Language
456_FED_20161019b_3T1_PL2017,langlocSN,Language
457_FED_20161020_3T2_PL2017,langlocSN,Language
458_FED_20161021_3T2_PL2017,langlocSN,Language
459_FED_20161021_3T2_PL2017,langlocSN,Language
460_FED_20161025_3T1_PL2017,langlocSN,Language
461_FED_20161025a_3T1_PL2017,langlocSN,Language
462_FED_20161026_3T1_PL2017,langlocSN,Language
463_FED_20161026_3T1_PL2017,langlocSN,Language
464_FED_20161028_3T2_PL2017,langlocSN,Language
465_FED_20161027_3T1_PL2017,langlocSN,Language
466_FED_20161027_3T1_PL2017,langlocSN,Language
467_FED_20161028_3T1_PL2017,langlocSN,Language
468_FED_20161031_3T1_PL2017,langlocSN,Language
469_FED_20161031_3T1_PL2017,langlocSN,Language
470_FED_20161101_3T1_PL2017,langlocSN,Language
471_FED_20161101_3T1_PL2017,langlocSN,Language
472_FED_20161101a_3T2_PL2017,langlocSN,Language
473_FED_20190731a_3T2_PL2017,langlocSN,Language
473_FED_20170918b_3T2_PL2017,langlocSN,Language
473_FED_20161102a_3T1_PL2017,langlocSN,Language
474_FED_20161102_3T1_PL2017,langlocSN,Language
475_FED_20161103a_3T2_PL2017,langlocSN,Language
477_FED_20161103_3T2_PL2017,langlocSN,Language
478_FED_20161103_3T2_PL2017,langlocSN,Language
479_FED_20161104a_3T2_PL2017,langlocSN,Language
480_FED_20161104_3T1_PL2017,langlocSN,Language
481_FED_20161107_3T1_PL2017,langlocSN,Language
482_FED_20161104_3T1_PL2017,langlocSN,Language
484_FED_20161108_3T1_PL2017,langlocSN,Language
488_FED_20161109_3T2_PL2017,langlocSN,Language
489_FED_20161114d_3T1_PL2017,langlocSN,Language
490_FED_20161115_3T1_PL2017,langlocSN,Language
491_FED_20161115_3T1_PL2017,langlocSN,Language
492_FED_20161116_3T2_PL2017,langlocSN,Language
493_FED_20161117_3T1_PL2017,langlocSN,Language
494_FED_20161114a_3T1_PL2017,langlocSN,Language
494_FED_20170106a_3T2_PL2017,langlocSN,Language
495_FED_20161114_3T2_PL2017,langlocSN,Language
496_FED_20161118_3T1_PL2017,langlocSN,Language
497_FED_20161118_3T1_PL2017,langlocSN,Language
498_FED_20161121a_3T1_PL2017,langlocSN,Language
499_FED_20161121b_3T1_PL2017,langlocSN,Language
500_FED_20161121_3T1_PL2017,langlocSN,Language
501_FED_20161122_3T1_PL2017,langlocSN,Language
502_FED_20161122_3T1_PL2017,langlocSN,Language
503_FED_20161128_3T2_PL2017,langlocSN,Language
504_FED_20161130_3T2_PL2017,langlocSN,Language
505_FED_20161204_3T2_PL2017,langlocSN,Language
506_FED_20161205_3T2_PL2017,langlocSN,Language
507_FED_20161207_3T2_PL2017,langlocSN,Language
508_FED_20161208_3T2_PL2017,langlocSN,Language
509_FED_20161208_3T2_PL2017,langlocSN,Language
510_FED_20161212_3T2_PL2017,langlocSN,Language
511_POLY12_20161212_3T2_PL2017,langlocSN,Language
512_FED_20161213_3T2_PL2017,langlocSN,Language
513_FED_20161215_3T2_PL2017,langlocSN,Language
514_FED_20161215_3T2_PL2017,langlocSN,Language
515_FED_20161216_3T2_PL2017,langlocSN,Language
517_FED_20161219_3T2_PL2017,langlocSN,Language
518_FED_20161219_3T2_PL2017,langlocSN,Language
519_FED_20161220_3T2_PL2017,langlocSN,Language
520_FED_20161227a_3T2_PL2017,langlocSN,Language
521_FED_20161228a_3T2_PL2017,langlocSN,Language
522_FED_20161228e_3T2_PL2017,langlocSN,Language
523_FED_20161227b_3T2_PL2017,langlocSN,Language
524_FED_20180802a_3T2_PL2017,langlocSN,Language
524_FED_20170105a_3T2_PL2017,langlocSN,Language
525_FED_20170109a_3T2_PL2017,langlocSN,Language
526_FED_20170111a_3T2_PL2017,langlocSN,Language
527_FED_20170113a_3T2_PL2017,langlocSN,Language
528_FED_20170116a_3T2_PL2017,langlocSN,Language
529_FED_20170116b_3T2_PL2017,langlocSN,Language
530_FED_20170114a_3T2_PL2017,langlocSN,Language
531_FED_20170117a_3T2_PL2017,langlocSN,Language
532_FED_20170118b_3T2_PL2017,langlocSN,Language
533_FED_20170119_3T2_PL2017,langlocSN,Language
534_FED_20170119b_3T2_PL2017,langlocSN,Language
535_FED_20170123b_3T2_PL2017,langlocSN,Language
536_FED_20170125a_3T2_PL2017,langlocSN,Language
537_FED_20170126b_3T2_PL2017,langlocSN,Language
538_FED_20170127_3T2_PL2017,langlocSN,Language
539_FED_20170127a_3T2_PL2017,langlocSN,Language
540_FED_20170201a_3T2_PL2017,langlocSN,Language
541_FED_20170203b_3T2_PL2017,langlocSN,Language
541_FED_20170615a_3T2_PL2017,langlocSN,Language
542_FED_20170207_3T2_PL2017,langlocSN,Language
543_FED_20170206_3T2_PL2017,langlocSN,Language
544_FED_20170210_3T2_PL2017,langlocSN,Language
545_FED_20170217c_3T2_PL2017,langlocSN,Language
546_FED_20170223_3T2_PL2017,langlocSN,Language
547_FED_20170222_3T2_PL2017,langlocSN,Language
548_FED_20170227_3T2_PL2017,langlocSN,Language
549_FED_20170228a_3T2_PL2017,langlocSN,Language
550_FED_20170228c_3T2_PL2017,langlocSN,Language
551_FED_20170302b_3T2_PL2017,langlocSN,Language
551_FED_20170328a_3T2_PL2017,langlocSN,Language
551_FED_20170412a_3T2_PL2017,langlocSN,Language
552_FED_20170307a_3T2_PL2017,langlocSN,Language
553_FED_20170313d_3T2_PL2017,langlocSN,Language
554_FED_20170315a_3T2_PL2017,langlocSN,Language
555_FED_20170426c_3T2_PL2017,langlocSN,Language
555_FED_20170315b_3T2_PL2017,langlocSN,Language
556_FED_20170316b_3T2_PL2017,langlocSN,Language
557_FED_20170317a_3T2_PL2017,langlocSN,Language
558_FED_20170320a_3T2_PL2017,langlocSN,Language
559_FED_20170320c_3T2_PL2017,langlocSN,Language
561_FED_20170327_3T2_PL2017,langlocSN,Language
562_FED_20170327b_3T2_PL2017,langlocSN,Language
563_FED_20170327c_3T2_PL2017,langlocSN,Language
564_FED_20170406_3T2_PL2017,langlocSN,Language
565_FED_20170406_3T2_PL2017,langlocSN,Language
566_FED_20170407a_3T2_PL2017,langlocSN,Language
567_FED_20170407b_3T2_PL2017,langlocSN,Language
568_FED_20170407c_3T2_PL2017,langlocSN,Language
569_FED_20170410b_3T2_PL2017,langlocSN,Language
570_FED_20170410_3T2_PL2017,langlocSN,Language
571_FED_20170412c_3T2_PL2017,langlocSN,Language
572_FED_20170413a_3T2_PL2017,langlocSN,Language
573_FED_20170413b_3T2_PL2017,langlocSN,Language
574_FED_20170425a_3T2_PL2017,langlocSN,Language
574_FED_20170413c_3T2_PL2017,langlocSN,Language
574_FED_20170430a_3T2_PL2017,langlocSN,Language
575_FED_20170414a_3T2_PL2017,langlocSN,Language
576_FED_20171006a_3T2_PL2017,langlocSN,Language
576_FED_20170414b_3T2_PL2017,langlocSN,Language
577_FED_20170414c_3T2_PL2017,langlocSN,Language
578_FED_20170414d_3T2_PL2017,langlocSN,Language
578_FED_20170831c_3T2_PL2017,langlocSN,Language
579_FED_20170418_3T2_PL2017,langlocSN,Language
580_FED_20170418_3T2_PL2017,langlocSN,Language
581_FED_20170418_3T2_PL2017,langlocSN,Language
582_FED_20190726b_3T2_PL2017,langlocSN,Language
582_FED_20170420a_3T2_PL2017,langlocSN,Language
583_FED_20170720d_3T2_PL2017,langlocSN,Language
583_FED_20170420c_3T2_PL2017,langlocSN,Language
584_FED_20170421a_3T2_PL2017,langlocSN,Language
585_FED_20170329a_3T2_PL2017,langlocSN,Language
586_FED_20170331b_3T2_PL2017,langlocSN,Language
587_FED_20170423a_3T2_PL2017,langlocSN,Language
588_FED_20170422c_3T2_PL2017,langlocSN,Language
589_FED_20170422a_3T2_PL2017,langlocSN,Language
590_FED_20170422b_3T2_PL2017,langlocSN,Language
591_FED_20170422d_3T2_PL2017,langlocSN,Language
592_FED_20170423b_3T2_PL2017,langlocSN,Language
593_FED_20170423c_3T2_PL2017,langlocSN,Language
594_FED_20170423d_3T2_PL2017,langlocSN,Language
595_FED_20170425b_3T2_PL2017,langlocSN,Language
596_FED_20170426b_3T2_PL2017,langlocSN,Language
597_FED_20170427a_3T2_PL2017,langlocSN,Language
598_FED_20170428a_3T2_PL2017,langlocSN,Language
599_FED_20170427c_3T2_PL2017,langlocSN,Language
600_FED_20170428b_3T2_PL2017,langlocSN,Language
601_FED_20170501a_3T2_PL2017,langlocSN,Language
602_FED_20170526b_3T2_PL2017,langlocSN,Language
603_FED_20170502a_3T2_PL2017,langlocSN,Language
607_FED_20170517a_3T2_PL2017,langlocSN,Language
608_FED_20170518a_3T2_PL2017,langlocSN,Language
609_FED_20170523c_3T2_PL2017,langlocSN,Language
610_FED_20170523a_3T2_PL2017,langlocSN,Language
611_FED_20170524_3T2_PL2017,langlocSN,Language
613_FED_20170526a_3T2_PL2017,langlocSN,Language
614_FED_20170525a_3T2_PL2017,langlocSN,Language
617_FED_20170605_3T2_PL2017,langlocSN,Language
618_FED_20170612_3T2_PL2017,langlocSN,Language
619_FED_20170613_3T2_PL2017,langlocSN,Language
620_FED_20170613_3T2_PL2017,langlocSN,Language
624_FED_20170619b_3T2_PL2017,langlocSN,Language
625_FED_20170619a_3T2_PL2017,langlocSN,Language
626_FED_20170619c_3T2_PL2017,langlocSN,Language
627_FED_20170620a_3T2_PL2017,langlocSN,Language
628_FED_20170620_3T2_PL2017,langlocSN,Language
629_FED_20170620c_3T2_PL2017,langlocSN,Language
629_FED_20170922c_3T2_PL2017,langlocSN,Language
629_FED_20171215a_3T2_PL2017,langlocSN,Language
630_FED_20170621c_3T2_PL2017,langlocSN,Language
632_FED_20170623a_3T2_PL2017,langlocSN,Language
632_FED_20170825a_3T2_PL2017,langlocSN,Language
633_FED_20170626a_3T2_PL2017,langlocSN,Language
634_FED_20170626_3T2_PL2017,langlocSN,Language
635_FED_20170627_3T2_PL2017,langlocSN,Language
636_FED_20170628b_3T2_PL2017,langlocSN,Language
637_FED_20170628c_3T2_PL2017,langlocSN,Language
638_FED_20170628_3T2_PL2017,langlocSN,Language
640_FED_20170629c_3T2_PL2017,langlocSN,Language
641_FED_20170629b_3T2_PL2017,langlocSN,Language
642_FED_20170629a_3T2_PL2017,langlocSN,Language
643_FED_20170630c_3T2_PL2017,langlocSN,Language
645_FED_20170630e_3T2_PL2017,langlocSN,Language
647_FED_20170705_3T2_PL2017,langlocSN,Language
648_FED_20170707_3T2_PL2017,langlocSN,Language
649_FED_20170710c_3T2_PL2017,langlocSN,Language
654_Princeton_SUB01_20150903-0903-1536_PL2017,langlocSN,Language
655_FED_20170724a_3T2_PL2017,langlocSN,Language
656_FED_20170724c_3T2_PL2017,langlocSN,Language
657_POLY18_20170724b_3T2_PL2017,langlocSN,Language
658_FED_20170725d_3T2_PL2017,langlocSN,Language
659_FED_20170726d_3T2_PL2017,langlocSN,Language
660_FED_20170728c_3T2_PL2017,langlocSN,Language
661_FED_20170731b_3T2_PL2017,langlocSN,Language
662_FED_20170803b_3T2_PL2017,langlocSN,Language
663_POLY19_20170803c_3T2_PL2017,langlocSN,Language
664_FED_20170816a_3T2_PL2017,langlocSN,Language
665_FED_20170828b_3T2_PL2017,langlocSN,Language
665_FED_20170923b_3T2_PL2017,langlocSN,Language
666_FED_20170830a_3T2_PL2017,langlocSN,Language
667_FED_20170831a_3T2_PL2017,langlocSN,Language
668_POLY20_20170928a_3T2_PL2017,langlocSN,Language
669_FED_20171108a_3T2_PL2017,langlocSN,Language
670_FED_20171208a_3T2_PL2017,langlocSN,Language
671_FED_20190625a_3T2_PL2017,langlocSN,Language
671_FED_20190719a_3T2_PL2017,langlocSN,Language
671_FED_20180625a_3T2_PL2017,langlocSN,Language
672_FED_20180702a_3T2_PL2017,langlocSN,Language
674_FED_20180730b_3T2_PL2017,langlocSN,Language
676_FED_20180727a_3T2_PL2017,langlocSN,Language
677_FED_20180729a_3T2_PL2017,langlocSN,Language
678_FED_20180730a_3T2_PL2017,langlocSN,Language
679_FED_20180730c_3T2_PL2017,langlocSN,Language
680_FED_20180802b_3T2_PL2017,langlocSN,Language
681_FED_20180803a_3T2_PL2017,langlocSN,Language
682_FED_20190426a_3T2_PL2017,langlocSN,Language
682_FED_20191106c_3T2_PL2017,langlocSN,Language
682_FED_20180803b_3T2_PL2017,langlocSN,Language
683_FED_20180803c_3T2_PL2017,langlocSN,Language
684_FED_20180803d_3T2_PL2017,langlocSN,Language
685_FED_20180808a_3T2_PL2017,langlocSN,Language
686_FED_20180809a_3T2_PL2017,langlocSN,Language
687_FED_20180809b_3T2_PL2017,langlocSN,Language
687_FED_20190801a_3T2_PL2017,langlocSN,Language
688_FED_20180914a_3T2_PL2017,langlocSN,Language
689_FED_20181010a_3T2_PL2017,langlocSN,Language
690_FED_20181012a_3T2_PL2017,langlocSN,Language
691_FED_20181018a_3T2_PL2017,langlocSN,Language
692_FED_20181018b_3T2_PL2017,langlocSN,Language
693_FED_20181029a_3T2_PL2017,langlocSN,Language
694_FED_20181101a_3T2_PL2017,langlocSN,Language
695_FED_20181113a_3T2_PL2017,langlocSN,Language
696_FED_20181115a_3T2_PL2017,langlocSN,Language
697_FED_20181119a_3T2_PL2017,langlocSN,Language
698_FED_20181129a_3T2_PL2017,langlocSN,Language
699_FED_20181129b_3T2_PL2017,langlocSN,Language
700_FED_20181128a_3T2_PL2017,langlocSN,Language
701_POLY21_20181212a_3T2_PL2017,langlocSN,Language
702_FED_20181214a_3T2_PL2017,langlocSN,Language
703_FED_20181221a_3T2_PL2017,langlocSN,Language
704_FED_20190107a_3T2_PL2017,langlocSN,Language
705_FED_20190117a_3T2_PL2017,langlocSN,Language
706_FED_20190117b_3T2_PL2017,langlocSN,Language
713_FED_20190130a_3T2_PL2017,langlocSN,Language
721_FED_20190605a_3T2_PL2017,langlocSN,Language
724_FED_20190802a_3T2_PL2017,langlocSN,Language
725_FED_20190215a_3T2_PL2017,langlocSN,Language
726_FED_20190226a_3T2_PL2017,langlocSN,Language
727_FED_20190226b_3T2_PL2017,langlocSN,Language
728_FED_20190226c_3T2_PL2017,langlocSN,Language
729_FED_20190226d_3T2_PL2017,langlocSN,Language
730_FED_20190306a_3T2_PL2017,langlocSN,Language
731_FED_20190306b_3T2_PL2017,langlocSN,Language
732_FED_20190307_3T2_PL2017,langlocSN,Language
733_FED_20190307b_3T2_PL2017,langlocSN,Language
734_FED_20190313a_3T2_PL2017,langlocSN,Language
735_FED_20190314a_3T2_PL2017,langlocSN,Language
736_FED_20190314b_3T2_PL2017,langlocSN,Language
737_FED_20190314c_3T2_PL2017,langlocSN,Language
738_FED_20190319a_3T2_PL2017,langlocSN,Language
739_FED_20190319b_3T2_PL2017,langlocSN,Language
740_FED_20190319c_3T2_PL2017,langlocSN,Language
741_FED_20190320a_3T2_PL2017,langlocSN,Language
742_FED_20190320b_3T2_PL2017,langlocSN,Language
743_FED_20190320c_3T2_PL2017,langlocSN,Language
744_FED_20190320d_3T2_PL2017,langlocSN,Language
745_FED_20190321a_3T2_PL2017,langlocSN,Language
746_FED_20190328a_3T2_PL2017,langlocSN,Language
747_FED_20190328b_3T2_PL2017,langlocSN,Language
748_FED_20190328c_3T2_PL2017,langlocSN,Language
749_FED_20190404a_3T2_PL2017,langlocSN,Language
750_FED_20190404b_3T2_PL2017,langlocSN,Language
751_FED_20190404c_3T2_PL2017,langlocSN,Language
752_FED_20190404d_3T2_PL2017,langlocSN,Language
753_FED_20190405a_3T2_PL2017,langlocSN,Language
754_FED_20190405b_3T2_PL2017,langlocSN,Language
755_FED_20190411a_3T2_PL2017,langlocSN,Language
756_FED_20190411b_3T2_PL2017,langlocSN,Language
757_FED_20190411c_3T2_PL2017,langlocSN,Language
758_FED_20190411d_3T2_PL2017,langlocSN,Language
759_FED_20190415a_3T2_PL2017,langlocSN,Language
760_FED_20190415b_3T2_PL2017,langlocSN,Language
761_FED_20190416a_3T2_PL2017,langlocSN,Language
762_FED_20190416b_3T2_PL2017,langlocSN,Language
763_FED_20190416c_3T2_PL2017,langlocSN,Language
764_FED_20190416d_3T2_PL2017,langlocSN,Language
765_FED_20190417a_3T2_PL2017,langlocSN,Language
766_FED_20190418a_3T2_PL2017,langlocSN,Language
767_FED_20190724b_3T2_PL2017,langlocSN,Language
767_FED_20190402a_3T2_PL2017,langlocSN,Language
767_FED_20190418b_3T2_PL2017,langlocSN,Language
768_FED_20190517a_3T2_PL2017,langlocSN,Language
769_FED_20190522a_3T2_PL2017,langlocSN,Language
770_FED_20191120c_3T2_PL2017,langlocSN,Language
770_FED_20191204d_3T2_PL2017,langlocSN,Language
770_FED_20190523b_3T2_PL2017,langlocSN,Language
770_FED_20190713a_3T2_PL2017,langlocSN,Language
771_FED_20190525a_3T2_PL2017,langlocSN,Language
772_FED_20190525b_3T2_PL2017,langlocSN,Language
773_FED_20190605c_3T2_PL2017,langlocSN,Language
774_FED_20190605b_3T2_PL2017,langlocSN,Language
775_FED_20190611a_3T2_PL2017,langlocSN,Language
776_FED_20190611b_3T2_PL2017,langlocSN,Language
777_FED_20190611c_3T2_PL2017,langlocSN,Language
778_FED_20190614b_3T2_PL2017,langlocSN,Language
779_FED_20191106e_3T2_PL2017,langlocSN,Language
780_FED_20190625b_3T2_PL2017,langlocSN,Language
781_FED_20190625d_3T2_PL2017,langlocSN,Language
782_FED_20190626a_3T2_PL2017,langlocSN,Language
783_FED_20190627a_3T2_PL2017,langlocSN,Language
784_FED_20190712b_3T2_PL2017,langlocSN,Language
785_FED_20190714a_3T2_PL2017,langlocSN,Language
786_FED_20190719b_3T2_PL2017,langlocSN,Language
787_FED_20190719c_3T2_PL2017,langlocSN,Language
788_FED_20190724a_3T2_PL2017,langlocSN,Language
788_FED_20191120b_3T2_PL2017,langlocSN,Language
789_FED_20190726a_3T2_PL2017,langlocSN,Language
790_FED_20190730a_3T2_PL2017,langlocSN,Language
791_FED_20191023a_3T2_PL2017,langlocSN,Language
792_FED_20191023b_3T2_PL2017,langlocSN,Language
793_FED_20191023c_3T2_PL2017,langlocSN,Language
794_FED_20191023d_3T2_PL2017,langlocSN,Language
795_FED_20191030b_3T2_PL2017,langlocSN,Language
796_FED_20191030c_3T2_PL2017,langlocSN,Language
797_FED_20191030d_3T2_PL2017,langlocSN,Language
798_POLY22_20191014a_3T2_PL2017,langlocSN,Language
799_FED_20191031a_3T2_PL2017,langlocSN,Language
800_FED_20191102a_3T2_PL2017,langlocSN,Language
801_FED_20191113a_3T2_PL2017,langlocSN,Language
803_FED_20191113c_3T2_PL2017,langlocSN,Language
803_FED_20191120d_3T2_PL2017,langlocSN,Language
804_FED_20191122a_3T2_PL2017,langlocSN,Language
805_FED_20191204a_3T2_PL2017,langlocSN,Language
806_FED_20191204b_3T2_PL2017,langlocSN,Language
807_FED_20191204c_3T2_PL2017,langlocSN,Language
808_FED_20191210a_3T2_PL2017,langlocSN,Language
809_FED_20191212b_3T2_PL2017,langlocSN,Language
810_FED_20191212a_3T2_PL2017,langlocSN,Language
811_FED_20191213a_3T2_PL2017,langlocSN,Language
812_FED_20191213b_3T2_PL2017,langlocSN,Language
813_FED_20191213c_3T2_PL2017,langlocSN,Language
814_FED_20200113b_3T2_PL2017,langlocSN,Language
815_FED_20200113c_3T2_PL2017,langlocSN,Language
816_FED_20200117a_3T2_PL2017,langlocSN,Language
817_FED_20200117b_3T2_PL2017,langlocSN,Language
818_FED_20200117c_3T2_PL2017,langlocSN,Language
819_FED_20200117d_3T2_PL2017,langlocSN,Language
820_FED_20200120a_3T2_PL2017,langlocSN,Language
821_FED_20200305c_3T2_PL2017,langlocSN,Language
821_FED_20200123a_3T2_PL2017,langlocSN,Language
822_FED_20200123b_3T2_PL2017,langlocSN,Language
823_FED_20200123c_3T2_PL2017,langlocSN,Language
824_FED_20200130a_3T2_PL2017,langlocSN,Language
825_FED_20200130b_3T2_PL2017,langlocSN,Language
825_FED_20200220b_3T2_PL2017,langlocSN,Language
826_FED_20200130c_3T2_PL2017,langlocSN,Language
827_FED_20200130d_3T2_PL2017,langlocSN,Language
827_FED_20200305b_3T2_PL2017,langlocSN,Language
828_FED_20200205c_3T2_PL2017,langlocSN,Language
829_FED_20200211a_3T2_PL2017,langlocSN,Language
830_FED_20200213a_3T2_PL2017,langlocSN,Language
831_FED_20200213b_3T2_PL2017,langlocSN,Language
832_FED_20200220c_3T2_PL2017,langlocSN,Language
833_FED_20200224a_3T2_PL2017,langlocSN,Language
834_FED_20200303a_3T2_PL2017,langlocSN,Language
835_FED_20200305a_3T2_PL2017,langlocSN,Language
017_domspec_09_PL2017,SWNlocIPS168,Language
019_KAN_langevents_08_PL2017,SWNlocIPS168,Language
019_KAN_langmus_05_PL2017,SWNlocIPS168,Language
019_KAN_domspec_03_PL2017,SWNlocIPS168,Language
021_domspec_10_PL2017,SWNlocIPS168,Language
023_langmus_07_PL2017,SWNlocIPS168,Language
030_KAN_langstroopBL_11_PL2017,SWNlocIPS168,Language
034_domspec_01_PL2017,SWNlocIPS168,Language
035_domspec_04_PL2017,SWNlocIPS168,Language
036_KAN_domspec_05_PL2017,SWNlocIPS168,Language
037_domspec_06_PL2017,SWNlocIPS168,Language
038_domspec_07_PL2017,SWNlocIPS168,Language
039_domspec_08_PL2017,SWNlocIPS168,Language
040_domspec_11_PL2017,SWNlocIPS168,Language
040_KAN_langevents_01_PL2017,SWNlocIPS168,Language
040_KAN_langstroop_05_PL2017,SWNlocIPS168,Language
041_KAN_domspec_12_PL2017,SWNlocIPS168,Language
042_domspec_13_PL2017,SWNlocIPS168,Language
043_langmus_01_PL2017,SWNlocIPS168,Language
044_langmus_02_PL2017,SWNlocIPS168,Language
045_langmus_06_PL2017,SWNlocIPS168,Language
046_KAN_langmus_08_PL2017,SWNlocIPS168,Language
046_KAN_langstroop_01_PL2017,SWNlocIPS168,Language
047_KAN_syntax_12_PL2017,SWNlocIPS168,Language
047_langmus_09_PL2017,SWNlocIPS168,Language
048_KAN_syntax_08_PL2017,SWNlocIPS168,Language
048_langmus_10_PL2017,SWNlocIPS168,Language
049_KAN_langmus_11_PL2017,SWNlocIPS168,Language
050_KAN_langmus_12_PL2017,SWNlocIPS168,Language
050_KAN_syntax_05_PL2017,SWNlocIPS168,Language
051_langmus_13_PL2017,SWNlocIPS168,Language
052_langmus_14_PL2017,SWNlocIPS168,Language
054_KAN_langstroop_02_PL2017,SWNlocIPS168,Language
056_KAN_langstroop_04_PL2017,SWNlocIPS168,Language
056_KAN_langevents_05_PL2017,SWNlocIPS168,Language
057_KAN_langevents_02_PL2017,SWNlocIPS168,Language
058_domspec_14_PL2017,SWNlocIPS168,Language
059_KAN_langevents_04_PL2017,SWNlocIPS168,Language
060_domspec_15_PL2017,SWNlocIPS168,Language
061_KAN_lingviol_02_PL2017,SWNlocIPS168,Language
061_KAN_stories_05_PL2017,SWNlocIPS168,Language
061_KAN_syntax_07_PL2017,SWNlocIPS168,Language
061_KAN_langstroopBL_05_PL2017,SWNlocIPS168,Language
062_KAN_langstroopBL_06_PL2017,SWNlocIPS168,Language
063_KAN_langstroopBL_07_PL2017,SWNlocIPS168,Language
064_KAN_langstroopBL_08_PL2017,SWNlocIPS168,Language
065_KAN_langstroopBL_09_PL2017,SWNlocIPS168,Language
066_KAN_langstroopBL_10_PL2017,SWNlocIPS168,Language
067_KAN_langevents_06_PL2017,SWNlocIPS168,Language
068_KAN_langevents_07_PL2017,SWNlocIPS168,Language
069_KAN_langevents_10_PL2017,SWNlocIPS168,Language
070_KAN_langevents_11_PL2017,SWNlocIPS168,Language
071_KAN_langstroopBL_12_PL2017,SWNlocIPS168,Language
072_KAN_langstroopBL_13_PL2017,SWNlocIPS168,Language
073_KAN_langstroopBL_14_PL2017,SWNlocIPS168,Language
074_KAN_langstroopBL_15_PL2017,SWNlocIPS168,Language
075_KAN_langmustask_01_PL2017,SWNlocIPS168,Language
076_KAN_langevents_16_PL2017,SWNlocIPS168,Language
076_KAN_langstroopBL_16_PL2017,SWNlocIPS168,Language
077_KAN_langmustask_02_PL2017,SWNlocIPS168,Language
078_KAN_langstroopBL_17_PL2017,SWNlocIPS168,Language
078_KAN_langevents_13_PL2017,SWNlocIPS168,Language
079_KAN_langstroopBL_18_PL2017,SWNlocIPS168,Language
080_KAN_langmustask_03_PL2017,SWNlocIPS168,Language
081_KAN_langstroopBL_19_PL2017,SWNlocIPS168,Language
082_KAN_langmustask_04_PL2017,SWNlocIPS168,Language
083_KAN_langstroopBL_20_PL2017,SWNlocIPS168,Language
084_KAN_syntax_02_PL2017,SWNlocIPS168,Language
084_KAN_langstroopBL_21_PL2017,SWNlocIPS168,Language
085_KAN_langstroopBL_22_PL2017,SWNlocIPS168,Language
085_KAN_stories_02_PL2017,SWNlocIPS168,Language
086_KAN_langstroopBL_23_PL2017,SWNlocIPS168,Language
087_KAN_langevents_12_PL2017,SWNlocIPS168,Language
088_KAN_stories_04_PL2017,SWNlocIPS168,Language
088_KAN_langevents_14_PL2017,SWNlocIPS168,Language
088_KAN_syntax_01_PL2017,SWNlocIPS168,Language
089_KAN_langevents_15_PL2017,SWNlocIPS168,Language
090_KAN_stories_01_PL2017,SWNlocIPS168,Language
092_KAN_syntax_03_PL2017,SWNlocIPS168,Language
095_KAN_syntax_04_PL2017,SWNlocIPS168,Language
096_KAN_syntax_06_PL2017,SWNlocIPS168,Language
097_KAN_syntax_09_PL2017,SWNlocIPS168,Language
098_KAN_stories_03_PL2017,SWNlocIPS168,Language
099_KAN_syntax_10_PL2017,SWNlocIPS168,Language
100_KAN_syntax_11_PL2017,SWNlocIPS168,Language
101_KAN_lingviol_09_PL2017,SWNlocIPS168,Language
101_KAN_syntax_13_PL2017,SWNlocIPS168,Language
103_KAN_lingviol_01_PL2017,SWNlocIPS168,Language
104_KAN_domspec_16_PL2017,SWNlocIPS168,Language
105_KAN_domspec_17_PL2017,SWNlocIPS168,Language
106_domspec_18_PL2017,SWNlocIPS168,Language
107_KAN_lingviol_04_PL2017,SWNlocIPS168,Language
108_KAN_domspec_19_PL2017,SWNlocIPS168,Language
109_KAN_lingviol_05_PL2017,SWNlocIPS168,Language
110_KAN_lingviol_07_PL2017,SWNlocIPS168,Language
111_KAN_lingviol_08_PL2017,SWNlocIPS168,Language
007_KAN_parametric_07_PL2017,SuperLocSN,Language
072_KAN_adapt_03_PL2017,SuperLocSN,Language
087_KAN_locmvpa_05_PL2017,SuperLocSN,Language
095_KAN_parametric_01_PL2017,SuperLocSN,Language
103_KAN_adapt_14_PL2017,SuperLocSN,Language
113_KAN_freqamb_02_PL2017,SuperLocSN,Language
115_KAN_action_07_PL2017,SuperLocSN,Language
120_KAN_action_08_PL2017,SuperLocSN,Language
121_KAN_action_09_PL2017,SuperLocSN,Language
123_KAN_adapt_09_PL2017,SuperLocSN,Language
124_KAN_parametric_08_PL2017,SuperLocSN,Language
124_KAN_action_10_PL2017,SuperLocSN,Language
124_KAN_evDB_20131202_PL2017,SuperLocSN,Language
125_KAN_action_12_PL2017,SuperLocSN,Language
126_KAN_parametric_02_PL2017,SuperLocSN,Language
126_KAN_parametric_13_PL2017,SuperLocSN,Language
127_KAN_parametric_03_PL2017,SuperLocSN,Language
128_KAN_stories_16_PL2017,SuperLocSN,Language
128_KAN_random_01_PL2017,SuperLocSN,Language
129_KAN_adapt_15_PL2017,SuperLocSN,Language
129_KAN_prod_08_PL2017,SuperLocSN,Language
132_KAN_parametric_16_PL2017,SuperLocSN,Language
133_KAN_adapt_01_PL2017,SuperLocSN,Language
134_KAN_adapt_02_PL2017,SuperLocSN,Language
135_KAN_adapt_04_PL2017,SuperLocSN,Language
136_KAN_adapt_05_PL2017,SuperLocSN,Language
136_KAN_freqamb_07_PL2017,SuperLocSN,Language
137_KAN_adapt_06_PL2017,SuperLocSN,Language
138_KAN_langsens_02_PL2017,SuperLocSN,Language
138_KAN_adapt_07_PL2017,SuperLocSN,Language
139_KAN_adapt_08_PL2017,SuperLocSN,Language
140_KAN_prod_01_PL2017,SuperLocSN,Language
141_KAN_adapt_10_PL2017,SuperLocSN,Language
142_KAN_parametric_04_PL2017,SuperLocSN,Language
142_KAN_freqamb_01_PL2017,SuperLocSN,Language
143_KAN_adapt_11_PL2017,SuperLocSN,Language
144_KAN_adapt_12_PL2017,SuperLocSN,Language
146_KAN_random_02_PL2017,SuperLocSN,Language
147_KAN_prod_04_PL2017,SuperLocSN,Language
148_KAN_adapt_13_PL2017,SuperLocSN,Language
148_KAN_freqamb_05_PL2017,SuperLocSN,Language
150_KAN_stories_12_PL2017,SuperLocSN,Language
151_KAN_parametric_06_PL2017,SuperLocSN,Language
154_KAN_freqamb_03_PL2017,SuperLocSN,Language
155_KAN_events2_03_PL2017,SuperLocSN,Language
155_KAN_prod_05_PL2017,SuperLocSN,Language
156_KAN_prod_06_PL2017,SuperLocSN,Language
158_KAN_locmvpa_01_PL2017,SuperLocSN,Language
159_KAN_freqamb_06_PL2017,SuperLocSN,Language
160_KAN_locmvpa_02_PL2017,SuperLocSN,Language
161_KAN_parametric_09_PL2017,SuperLocSN,Language
162_KAN_locmvpa_03_PL2017,SuperLocSN,Language
163_KAN_locmvpa_04_PL2017,SuperLocSN,Language
164_KAN_locmvpa_06_PL2017,SuperLocSN,Language
165_KAN_prod_07_PL2017,SuperLocSN,Language
166_KAN_locmvpa_07_PL2017,SuperLocSN,Language
167_KAN_parametric_10_PL2017,SuperLocSN,Language
168_KAN_parametric_11_PL2017,SuperLocSN,Language
169_KAN_parametric_12_PL2017,SuperLocSN,Language
170_KAN_locmvpa_08_PL2017,SuperLocSN,Language
171_KAN_parametric_14_PL2017,SuperLocSN,Language
172_KAN_locmvpa_09_PL2017,SuperLocSN,Language
173_KAN_locmvpa_10_PL2017,SuperLocSN,Language
174_KAN_locmvpa_11_PL2017,SuperLocSN,Language
175_KAN_stories_15_PL2017,SuperLocSN,Language
175_KAN_RHnonlit_12_PL2017,SuperLocSN,Language
176_KAN_stories_17_PL2017,SuperLocSN,Language
177_KAN_stories_18_PL2017,SuperLocSN,Language
178_KAN_parametric_15_PL2017,SuperLocSN,Language
179_KAN_locmvpa_13_PL2017,SuperLocSN,Language
180_KAN_events2_02_PL2017,SuperLocSN,Language
183_KAN_polyglot_04b_PL2017,SuperLocSN,Language
184_KAN_locmvpa_12_PL2017,SuperLocSN,Language
190_KAN_parametric_17_PL2017,SuperLocSN,Language
214_KAN_prodsemphon_11_PL2017,SuperLocSN,Language
238_KAN_prodsemphon_17_PL2017,SuperLocSN,Language
249_FED_20161108d_3T2_PL2017,SuperLocSN,Language
417_FED_20161104c_3T2_PL2017,SuperLocSN,Language
426_FED_20161107c_3T2_PL2017,SuperLocSN,Language
476_FED_20161103b_3T2_PL2017,SuperLocSN,Language
483_FED_20161107d_3T2_PL2017,SuperLocSN,Language
485_FED_20161108c_3T2_PL2017,SuperLocSN,Language
486_FED_20161108e_3T2_PL2017,SuperLocSN,Language
072_KAN_prod_02_PL2017,SuperLocSWN,Language
072_KAN_syntshapes_11_PL2017,SuperLocSWN,Language
112_KAN_stories_06_PL2017,SuperLocSWN,Language
114_KAN_stories_08_PL2017,SuperLocSWN,Language
118_KAN_syntshapes_03_PL2017,SuperLocSWN,Language
119_KAN_syntshapes_04_PL2017,SuperLocSWN,Language
123_KAN_syntshapes_06_PL2017,SuperLocSWN,Language
130_KAN_syntshapes_10_PL2017,SuperLocSWN,Language
131_KAN_syntshapes_12_PL2017,SuperLocSWN,Language
146_KAN_stories_11_PL2017,SuperLocSWN,Language
153_KAN_stories_14_PL2017,SuperLocSWN,Language
157_KAN_events2_01_PL2017,SuperLocSWN,Language
113_KAN_stories_07_PL2017,SWNloc_morph,Language
116_KAN_langsyntaxshapes_01_PL2017,SWNloc_morph,Language
117_KAN_langsyntaxshapes_02_PL2017,SWNloc_morph,Language
126_KAN_langsyntaxshapes_07_PL2017,SWNloc_morph,Language
129_KAN_langsyntaxshapes_09_PL2017,SWNloc_morph,Language
132_KAN_langsyntaxshapes_13_PL2017,SWNloc_morph,Language
122_KAN_langsyntaxshapes_05_PL2017,SWNloc_morphcont,Language
127_KAN_langsyntaxshapes_08_PL2017,SWNloc_morphcont,Language
127_KAN_prod_03_PL2017,SWNloc_NV,Language
132_KAN_stories_10_PL2017,SWNloc_NV,Language
145_KAN_stories_09_PL2017,SWNloc_NV,Language
149_KAN_parametric_05_PL2017,SWNloc_NV,Language
152_KAN_stories_13_PL2017,SWNloc_NV,Language
008_SWJNV2_01_PL2017,SWJNV2,Language
009_SWJNV2_02_PL2017,SWJNV2,Language
010_SWJNV2_03_PL2017,SWJNV2,Language
011_SWJNV2_04_PL2017,SWJNV2,Language
012_SWJNV2_05_PL2017,SWJNV2,Language
013_SWJNV2_06_PL2017,SWJNV2,Language
014_SWJNV2_07_PL2017,SWJNV2,Language
015_SWJNV2_08_PL2017,SWJNV2,Language
016_SWJNV2_09_PL2017,SWJNV2,Language
018_SWJNV2_10_PL2017,SWJNV2,Language
020_SWJNV2_12_PL2017,SWJNV2,Language
021_SWJNaudio_04_PL2017,SWJNV2,Language
022_SWJNaudio_06_PL2017,SWJNV2,Language
023_SWJNaudio_07_PL2017,SWJNV2,Language
024_SWJNaudio_08_PL2017,SWJNV2,Language
024_SWJNV2_13_PL2017,SWJNV2,Language
025_SWJNV2_15_PL2017,SWJNV2,Language
026_SWJNaudio_11_PL2017,SWJNV2,Language
027_SWJNaudio_12_PL2017,SWJNV2,Language
028_SWJNaudio_13_PL2017,SWJNV2,Language
029_SWJNaudio_14_PL2017,SWJNV2,Language
030_SWJNaudio_15_PL2017,SWJNV2,Language
031_SWJNaudio_16_PL2017,SWJNV2,Language
032_SWJNaudio_17_PL2017,SWJNV2,Language
033_SWJNaudio_18_PL2017,SWJNV2,Language
001_SWJN_01_PL2017,SWJN,Language
002_SWJN_05_PL2017,SWJN,Language
003_SWJN_07_PL2017,SWJN,Language
004_SWJN_09_PL2017,SWJN,Language
005_SWJN_11_PL2017,SWJN,Language
006_SWJN_12_PL2017,SWJN,Language
007_SWJN_13_PL2017,SWJN,Language
041_KAN_action_02_PL2017,SN,Language
050_KAN_action_04_PL2017,SN,Language
053_KAN_reststate_01_PL2017,SN,Language
091_KAN_action_01_PL2017,SN,Language
093_KAN_action_03_PL2017,SN,Language
094_KAN_action_05_PL2017,SN,Language
102_KAN_action_06_PL2017,SN,Language
021_SWJNaudio_04_PL2017,SWJNaud,Language
022_SWJNaudio_06_PL2017,SWJNaud,Language
023_SWJNaudio_07_PL2017,SWJNaud,Language
024_SWJNaudio_08_PL2017,SWJNaud,Language
026_SWJNaudio_11_PL2017,SWJNaud,Language
027_SWJNaudio_12_PL2017,SWJNaud,Language
028_SWJNaudio_13_PL2017,SWJNaud,Language
030_SWJNaudio_15_PL2017,SWJNaud,Language
031_SWJNaudio_16_PL2017,SWJNaud,Language
032_SWJNaudio_17_PL2017,SWJNaud,Language
033_SWJNaudio_18_PL2017,SWJNaud,Language
018_KAN_evDB_20141201d_PL2017,funloc,Language
150_KAN_stories_12b_PL2017,funloc,Language
163_KAN_evDB_20141110b_PL2017,funloc,Language
166_KAN_evDB_20140701a_PL2017,funloc,Language
186_KAN_EvDB_20150316b_PL2017,funloc,Language
205_KAN_evDB_20140701b_PL2017,funloc,Language
210_KAN_evDB_20140303a_PL2017,funloc,Language
211_KAN_evDB_20140303b_PL2017,funloc,Language
214_KAN_evDB_20141021a_PL2017,funloc,Language
230_KAN_evDB_20141027b_PL2017,funloc,Language
242_KAN_evDB_20141110a_PL2017,funloc,Language
244_KAN_evDB_20141201a_PL2017,funloc,Language
007_KAN_parametric_07_PL2017,PassAudio,Language
149_KAN_parametric_05_PL2017,PassAudio,Language
313_VWFA_03_sess2_PL2017,speechandlangloc,Language
314_VWFA_13_sess2_PL2017,speechandlangloc,Language
315_VWFA_17_sess2_PL2017,speechandlangloc,Language
072_KAN_syntshapes_11_PL2017,MDloc_ips144,MD
095_KAN_parametric_01_PL2017,MDloc_ips144,MD
126_KAN_parametric_02_PL2017,MDloc_ips144,MD
127_KAN_parametric_03_PL2017,MDloc_ips144,MD
129_KAN_langsyntaxshapes_09_PL2017,MDloc_ips144,MD
130_KAN_syntshapes_10_PL2017,MDloc_ips144,MD
131_KAN_syntshapes_12_PL2017,MDloc_ips144,MD
132_KAN_langsyntaxshapes_13_PL2017,MDloc_ips144,MD
133_KAN_adapt_01_PL2017,MDloc_ips144,MD
017_domspec_09_PL2017,MDloc_ips218,MD
019_KAN_domspec_03_PL2017,MDloc_ips218,MD
021_domspec_10_PL2017,MDloc_ips218,MD
034_domspec_01_PL2017,MDloc_ips218,MD
035_domspec_04_PL2017,MDloc_ips218,MD
036_KAN_domspec_05_PL2017,MDloc_ips218,MD
037_domspec_06_PL2017,MDloc_ips218,MD
038_domspec_07_PL2017,MDloc_ips218,MD
039_domspec_08_PL2017,MDloc_ips218,MD
040_domspec_11_PL2017,MDloc_ips218,MD
041_KAN_domspec_12_PL2017,MDloc_ips218,MD
042_domspec_13_PL2017,MDloc_ips218,MD
061_KAN_lingviol_02_PL2017,MDloc_ips218,MD
072_KAN_adapt_03_PL2017,MDloc_ips218,MD
101_KAN_lingviol_09_PL2017,MDloc_ips218,MD
103_KAN_lingviol_01_PL2017,MDloc_ips218,MD
104_KAN_domspec_16_PL2017,MDloc_ips218,MD
105_KAN_domspec_17_PL2017,MDloc_ips218,MD
106_domspec_18_PL2017,MDloc_ips218,MD
107_KAN_lingviol_04_PL2017,MDloc_ips218,MD
108_KAN_domspec_19_PL2017,MDloc_ips218,MD
109_KAN_lingviol_05_PL2017,MDloc_ips218,MD
110_KAN_lingviol_07_PL2017,MDloc_ips218,MD
111_KAN_lingviol_08_PL2017,MDloc_ips218,MD
116_KAN_langsyntaxshapes_01_PL2017,MDloc_ips218,MD
117_KAN_langsyntaxshapes_02_PL2017,MDloc_ips218,MD
118_KAN_syntshapes_03_PL2017,MDloc_ips218,MD
119_KAN_syntshapes_04_PL2017,MDloc_ips218,MD
122_KAN_langsyntaxshapes_05_PL2017,MDloc_ips218,MD
123_KAN_adapt_09_PL2017,MDloc_ips218,MD
123_KAN_syntshapes_06_PL2017,MDloc_ips218,MD
126_KAN_langsyntaxshapes_07_PL2017,MDloc_ips218,MD
127_KAN_langsyntaxshapes_08_PL2017,MDloc_ips218,MD
128_KAN_random_01_PL2017,MDloc_ips218,MD
129_KAN_adapt_15_PL2017,MDloc_ips218,MD
134_KAN_adapt_02_PL2017,MDloc_ips218,MD
135_KAN_adapt_04_PL2017,MDloc_ips218,MD
136_KAN_adapt_05_PL2017,MDloc_ips218,MD
137_KAN_adapt_06_PL2017,MDloc_ips218,MD
138_KAN_adapt_07_PL2017,MDloc_ips218,MD
139_KAN_adapt_08_PL2017,MDloc_ips218,MD
141_KAN_adapt_10_PL2017,MDloc_ips218,MD
142_KAN_parametric_04_PL2017,MDloc_ips218,MD
143_KAN_adapt_11_PL2017,MDloc_ips218,MD
144_KAN_adapt_12_PL2017,MDloc_ips218,MD
146_KAN_random_02_PL2017,MDloc_ips218,MD
007_KAN_parametric_07_PL2017,MDloc_ips224,MD
018_FED_20150818a_3T1_PL2017,MDloc_ips224,MD
036_KAN_EvDB_20150501b_PL2017,MDloc_ips224,MD
045_FED_20160803a_3T1_PL2017,MDloc_ips224,MD
050_KAN_evDB_20131218b_PL2017,MDloc_ips224,MD
055_FED_20191106a_3T2_PL2017,MDloc_ips224,MD
072_KAN_prod_02_PL2017,MDloc_ips224,MD
103_KAN_adapt_14_PL2017,MDloc_ips224,MD
113_KAN_freqamb_02_PL2017,MDloc_ips224,MD
113_KAN_prodsemphon_05_PL2017,MDloc_ips224,MD
117_KAN_EvDB_20150217c_PL2017,MDloc_ips224,MD
124_KAN_parametric_08_PL2017,MDloc_ips224,MD
126_KAN_parametric_13_PL2017,MDloc_ips224,MD
126_VWFA_19_sess2_PL2017,MDloc_ips224,MD
127_FED_20150918a_3T1_PL2017,MDloc_ips224,MD
127_KAN_prod_03_PL2017,MDloc_ips224,MD
128_KAN_stories_16_PL2017,MDloc_ips224,MD
129_KAN_prod_08_PL2017,MDloc_ips224,MD
129_VWFA_06_sess2_PL2017,MDloc_ips224,MD
132_KAN_parametric_16_PL2017,MDloc_ips224,MD
132_KAN_stories_10_PL2017,MDloc_ips224,MD
136_KAN_freqamb_07_PL2017,MDloc_ips224,MD
140_KAN_prod_01_PL2017,MDloc_ips224,MD
142_KAN_freqamb_01_PL2017,MDloc_ips224,MD
143_KAN_evDB_20140121b_PL2017,MDloc_ips224,MD
145_KAN_stories_09_PL2017,MDloc_ips224,MD
146_KAN_stories_11_PL2017,MDloc_ips224,MD
147_KAN_prod_04_PL2017,MDloc_ips224,MD
148_KAN_adapt_13_PL2017,MDloc_ips224,MD
148_KAN_freqamb_05_PL2017,MDloc_ips224,MD
149_KAN_parametric_05_PL2017,MDloc_ips224,MD
150_KAN_stories_12_PL2017,MDloc_ips224,MD
151_KAN_parametric_06_PL2017,MDloc_ips224,MD
152_KAN_stories_13_PL2017,MDloc_ips224,MD
153_KAN_stories_14_PL2017,MDloc_ips224,MD
154_KAN_freqamb_03_PL2017,MDloc_ips224,MD
155_KAN_events2_03_PL2017,MDloc_ips224,MD
155_KAN_prod_05_PL2017,MDloc_ips224,MD
156_KAN_prod_06_PL2017,MDloc_ips224,MD
159_KAN_freqamb_06_PL2017,MDloc_ips224,MD
159_KAN_prodsemphon_01_PL2017,MDloc_ips224,MD
161_KAN_parametric_09_PL2017,MDloc_ips224,MD
163_KAN_evDB_20141110b_PL2017,MDloc_ips224,MD
165_KAN_prod_07_PL2017,MDloc_ips224,MD
166_KAN_locmvpa_07_PL2017,MDloc_ips224,MD
166_VWFA_10_sess2_PL2017,MDloc_ips224,MD
167_KAN_parametric_10_PL2017,MDloc_ips224,MD
168_FED_20170918a_3T2_PL2017,MDloc_ips224,MD
168_KAN_parametric_11_PL2017,MDloc_ips224,MD
169_KAN_parametric_12_PL2017,MDloc_ips224,MD
171_KAN_langsens_05_PL2017,MDloc_ips224,MD
171_KAN_parametric_14_PL2017,MDloc_ips224,MD
172_KAN_prodsemphon_02_PL2017,MDloc_ips224,MD
177_KAN_stories_18_PL2017,MDloc_ips224,MD
178_KAN_parametric_15_PL2017,MDloc_ips224,MD
180_KAN_events2_02_PL2017,MDloc_ips224,MD
182_FED_20161031b_3T1_PL2017,MDloc_ips224,MD
183_POLY01_20160420_3T1_PL2017,MDloc_ips224,MD
185_KAN_langsens_01_PL2017,MDloc_ips224,MD
186_KAN_EvDB_20150316b_PL2017,MDloc_ips224,MD
186_VWFA_02_sess2_PL2017,MDloc_ips224,MD
189_FED_20150916a_3T2_PL2017,MDloc_ips224,MD
189_KAN_EvDB_20150311b_PL2017,MDloc_ips224,MD
189_KAN_langsens_04_PL2017,MDloc_ips224,MD
191_KAN_prodsemphon_03_PL2017,MDloc_ips224,MD
192_KAN_prodsemphon_04_PL2017,MDloc_ips224,MD
192_VWFA_05_sess2_PL2017,MDloc_ips224,MD
193_KAN_SpLoc_03_PL2017,MDloc_ips224,MD
195_KAN_parametric_18_PL2017,MDloc_ips224,MD
196_KAN_parametric_19_PL2017,MDloc_ips224,MD
203_KAN_SpLoc_04_PL2017,MDloc_ips224,MD
204_KAN_prodsemphon_06_PL2017,MDloc_ips224,MD
205_KAN_evDB_20131216_PL2017,MDloc_ips224,MD
206_KAN_evDB_20131218a_PL2017,MDloc_ips224,MD
207_KAN_evDB_20140113a_PL2017,MDloc_ips224,MD
208_KAN_EvDB_20150224a_PL2017,MDloc_ips224,MD
208_KAN_evDB_20140121a_PL2017,MDloc_ips224,MD
209_KAN_evDB_20140224_PL2017,MDloc_ips224,MD
210_KAN_evDB_20140303a_PL2017,MDloc_ips224,MD
211_KAN_evDB_20140303b_PL2017,MDloc_ips224,MD
212_FED_20170322a_3T2_PL2017,MDloc_ips224,MD
212_KAN_evDB_20140303c_PL2017,MDloc_ips224,MD
213_KAN_evDB_20140310a_PL2017,MDloc_ips224,MD
214_FED_20150917a_3T2_PL2017,MDloc_ips224,MD
214_KAN_evDB_20140310b_PL2017,MDloc_ips224,MD
214_VWFA_15_sess2_PL2017,MDloc_ips224,MD
215_FED_20150730a_3T1_PL2017,MDloc_ips224,MD
215_KAN_evDB_20140724a_PL2017,MDloc_ips224,MD
216_KAN_SpLoc_05_PL2017,MDloc_ips224,MD
217_KAN_evDB_20140724b_PL2017,MDloc_ips224,MD
218_KAN_evDB_20140807a_PL2017,MDloc_ips224,MD
219_KAN_evDB_20140807b_PL2017,MDloc_ips224,MD
220_FED_20170524a_3T2_PL2017,MDloc_ips224,MD
220_KAN_prodsemphon_07_PL2017,MDloc_ips224,MD
221_KAN_evDB_20140808_PL2017,MDloc_ips224,MD
222_KAN_prodsemphon_08_PL2017,MDloc_ips224,MD
223_KAN_evDB_20140820a_PL2017,MDloc_ips224,MD
224_FED_20160823b_3T1_PL2017,MDloc_ips224,MD
224_KAN_prodsemphon_09_PL2017,MDloc_ips224,MD
225_KAN_evDB_20140820b_PL2017,MDloc_ips224,MD
226_KAN_prodsemphon_10_PL2017,MDloc_ips224,MD
227_KAN_evDB_20141021b_PL2017,MDloc_ips224,MD
228_KAN_evDB_20141028_PL2017,MDloc_ips224,MD
229_KAN_SpLoc_06_PL2017,MDloc_ips224,MD
230_KAN_prodsemphon_12_PL2017,MDloc_ips224,MD
231_KAN_prodsemphon_13_PL2017,MDloc_ips224,MD
232_KAN_prodsemphon_14_PL2017,MDloc_ips224,MD
233_KAN_evDB_20141020a_PL2017,MDloc_ips224,MD
234_KAN_prodsemphon_15_PL2017,MDloc_ips224,MD
235_KAN_prodsemphon_16_PL2017,MDloc_ips224,MD
236_KAN_evDB_20141021c_PL2017,MDloc_ips224,MD
237_KAN_evDB_20141027a_PL2017,MDloc_ips224,MD
238_KAN_evDB_20141027c_PL2017,MDloc_ips224,MD
238_KAN_prodsemphon_17_PL2017,MDloc_ips224,MD
239_KAN_evDB_20141027d_PL2017,MDloc_ips224,MD
239_KAN_evDB_20150129b_PL2017,MDloc_ips224,MD
240_KAN_evDB_20141103a_PL2017,MDloc_ips224,MD
242_KAN_evDB_20141110a_PL2017,MDloc_ips224,MD
243_KAN_prodsemphon_18_PL2017,MDloc_ips224,MD
244_KAN_evDB_20141201a_PL2017,MDloc_ips224,MD
245_KAN_evDB_20141201b_PL2017,MDloc_ips224,MD
247_KAN_evDB_20141215b_PL2017,MDloc_ips224,MD
248_FED_20160106a_3T2_PL2017,MDloc_ips224,MD
248_KAN_evDB_20150129a_PL2017,MDloc_ips224,MD
249_FED_20160817b_3T1_PL2017,MDloc_ips224,MD
249_FED_20170110a_3T2_PL2017,MDloc_ips224,MD
249_KAN_EvDB_20150130_PL2017,MDloc_ips224,MD
250_KAN_evDB_20150205a_PL2017,MDloc_ips224,MD
252_FED_20160317a_3T1_PL2017,MDloc_ips224,MD
252_FED_20181010b_3T2_PL2017,MDloc_ips224,MD
252_KAN_evDB_20150206_PL2017,MDloc_ips224,MD
253_KAN_EvDB_20150211a_PL2017,MDloc_ips224,MD
254_KAN_EvDB_20150211c_PL2017,MDloc_ips224,MD
255_KAN_EvDB_20150223a_PL2017,MDloc_ips224,MD
255_KAN_EvDB_20150311a_PL2017,MDloc_ips224,MD
256_KAN_EvDB_20150223b_PL2017,MDloc_ips224,MD
257_KAN_EvDB_20150223c_PL2017,MDloc_ips224,MD
257_KAN_EvDB_20150310b_PL2017,MDloc_ips224,MD
258_KAN_EvDB_20150224b_PL2017,MDloc_ips224,MD
259_KAN_EvDB_20150224c_PL2017,MDloc_ips224,MD
260_KAN_EvDB_20150303_PL2017,MDloc_ips224,MD
261_FED_20160523c_3T2_PL2017,MDloc_ips224,MD
261_FED_20200205b_3T2_PL2017,MDloc_ips224,MD
261_KAN_EvDB_20150304a_PL2017,MDloc_ips224,MD
262_FED_20160909a_3T2_PL2017,MDloc_ips224,MD
262_FED_20170118a_3T2_PL2017,MDloc_ips224,MD
262_KAN_evDB_20150304b_PL2017,MDloc_ips224,MD
263_KAN_evDB_20150306_PL2017,MDloc_ips224,MD
264_KAN_EvDB_20150310c_PL2017,MDloc_ips224,MD
265_KAN_EvDB_20150310d_PL2017,MDloc_ips224,MD
266_KAN_EvDB_20150311c_PL2017,MDloc_ips224,MD
267_KAN_EvDB_20150316a_PL2017,MDloc_ips224,MD
269_KAN_EvDB_20150317b_PL2017,MDloc_ips224,MD
270_KAN_EvDB_20150317c_PL2017,MDloc_ips224,MD
271_FED_20150908a_3T2_PL2017,MDloc_ips224,MD
271_KAN_EvDB_20150323a_PL2017,MDloc_ips224,MD
273_KAN_EvDB_20150506_PL2017,MDloc_ips224,MD
280_FED_20150813a_3T1_PL2017,MDloc_ips224,MD
281_KAN_EvDB_20150429e_PL2017,MDloc_ips224,MD
281_VWFA_14_sess2_PL2017,MDloc_ips224,MD
282_KAN_EvDB_20150505a_PL2017,MDloc_ips224,MD
290_FED_20150615a_3T2_PL2017,MDloc_ips224,MD
290_FED_20170109b_3T2_PL2017,MDloc_ips224,MD
291_FED_20150615b_3T2_PL2017,MDloc_ips224,MD
292_FED_20150615c_3T2_PL2017,MDloc_ips224,MD
293_FED_20150619a_3T2_PL2017,MDloc_ips224,MD
294_FED_20150811a_3T1_PL2017,MDloc_ips224,MD
295_FED_20150625a_3T2_PL2017,MDloc_ips224,MD
296_FED_20150625b_3T2_PL2017,MDloc_ips224,MD
296_FED_20150812b_3T1_PL2017,MDloc_ips224,MD
297_FED_20150625c_3T2_PL2017,MDloc_ips224,MD
298_FED_20150625d_3T2_PL2017,MDloc_ips224,MD
298_FED_20150811b_3T1_PL2017,MDloc_ips224,MD
300_FED_20150708b_3T2_PL2017,MDloc_ips224,MD
301_FED_20150708c_3T2_PL2017,MDloc_ips224,MD
301_VWFA_23_sess2_PL2017,MDloc_ips224,MD
303_FED_20150709c_3T2_PL2017,MDloc_ips224,MD
304_FED_20150710a_3T2_PL2017,MDloc_ips224,MD
305_FED_20150710b_3T2_PL2017,MDloc_ips224,MD
306_FED_20150715a_3T2_PL2017,MDloc_ips224,MD
307_FED_20150715d_3T2_PL2017,MDloc_ips224,MD
308_FED_20150716a_3T2_PL2017,MDloc_ips224,MD
309_FED_20150717a_3T2_PL2017,MDloc_ips224,MD
310_FED_20150617a_3T2_PL2017,MDloc_ips224,MD
311_FED_20150617b_3T2_PL2017,MDloc_ips224,MD
313_VWFA_03_sess2_PL2017,MDloc_ips224,MD
314_VWFA_13_sess2_PL2017,MDloc_ips224,MD
315_VWFA_17_sess2_PL2017,MDloc_ips224,MD
318_FED_20191106d_3T2_PL2017,MDloc_ips224,MD
320_FED_20150624c_3T2_PL2017,MDloc_ips224,MD
321_FED_20150819a_3T1_PL2017,MDloc_ips224,MD
323_FED_20150826a_3T2_PL2017,MDloc_ips224,MD
326_FED_20150918b_3T1_PL2017,MDloc_ips224,MD
326_FED_20160523e_3T2_PL2017,MDloc_ips224,MD
327_FED_20150923b_3T2_PL2017,MDloc_ips224,MD
328_FED_20151106b_3T1_PL2017,MDloc_ips224,MD
329_FED_20151109a_3T1_PL2017,MDloc_ips224,MD
330_FED_20151111a_3T1_PL2017,MDloc_ips224,MD
330_FED_20160523d_3T2_PL2017,MDloc_ips224,MD
331_FED_20151111c_3T1_PL2017,MDloc_ips224,MD
332_FED_20151113a_3T1_PL2017,MDloc_ips224,MD
336_FED_20151212_3T1_PL2017,MDloc_ips224,MD
338_FED_20151215c_3T2_PL2017,MDloc_ips224,MD
338_FED_20160112a_3T2_PL2017,MDloc_ips224,MD
338_FED_20170113b_3T2_PL2017,MDloc_ips224,MD
339_FED_20151217a_3T2_PL2017,MDloc_ips224,MD
340_FED_20151217b_3T2_PL2017,MDloc_ips224,MD
341_FED_20151217c_3T2_PL2017,MDloc_ips224,MD
344_FED_20160107e_3T2_PL2017,MDloc_ips224,MD
345_FED_20160112b_3T2_PL2017,MDloc_ips224,MD
346_FED_20160112e_3T2_PL2017,MDloc_ips224,MD
347_FED_20160114e_3T2_PL2017,MDloc_ips224,MD
351_FED_20160126a_3T2_PL2017,MDloc_ips224,MD
352_FED_20160126e_3T2_PL2017,MDloc_ips224,MD
354_FED_20160128d_3T2_PL2017,MDloc_ips224,MD
355_FED_20160128e_3T2_PL2017,MDloc_ips224,MD
356_FED_20160202c_3T2_PL2017,MDloc_ips224,MD
358_FED_20160208m_3T2_PL2017,MDloc_ips224,MD
359_FED_20160209m_3T2_PL2017,MDloc_ips224,MD
360_FED_20160211a_3T2_PL2017,MDloc_ips224,MD
361_FED_20160211b_3T2_PL2017,MDloc_ips224,MD
362_FED_20160212m_3T1_PL2017,MDloc_ips224,MD
364_FED_20160229a_3T1_PL2017,MDloc_ips224,MD
365_FED_20170120a_3T2_PL2017,MDloc_ips224,MD
366_FED_20160520b_3T1_PL2017,MDloc_ips224,MD
366_FED_20161103a_3T1_PL2017,MDloc_ips224,MD
367_FED_20160309b_3T1_PL2017,MDloc_ips224,MD
369_FED_20160317b_3T1_PL2017,MDloc_ips224,MD
370_FED_20160317c_3T1_PL2017,MDloc_ips224,MD
372_FED_20160318b_3T1_PL2017,MDloc_ips224,MD
374_FED_20160325a_3T1_PL2017,MDloc_ips224,MD
375_FED_20160331d_3T1_PL2017,MDloc_ips224,MD
376_FED_20160401b_3T2_PL2017,MDloc_ips224,MD
377_FED_20160401a_3T2_PL2017,MDloc_ips224,MD
379_FED_20160407a_3T1_PL2017,MDloc_ips224,MD
380_FED_20160407b_3T1_PL2017,MDloc_ips224,MD
381_FED_20160407c_3T1_PL2017,MDloc_ips224,MD
383_POLY04_20160420_3T1_PL2017,MDloc_ips224,MD
386_FED_20160425d_3T1_PL2017,MDloc_ips224,MD
389_FED_20170111_3T2_PL2017,MDloc_ips224,MD
391_FED_20160429a_3T2_PL2017,MDloc_ips224,MD
394_POLY08_20160505_3T1_PL2017,MDloc_ips224,MD
395_FED_20160506a_3T2_PL2017,MDloc_ips224,MD
396_POLY09_20160512_3T1_PL2017,MDloc_ips224,MD
399_FED_20160519d_3T1_PL2017,MDloc_ips224,MD
400_FED_20160520a_3T1_PL2017,MDloc_ips224,MD
401_FED_20160520d_3T1_PL2017,MDloc_ips224,MD
403_FED_20160526b_3T1_PL2017,MDloc_ips224,MD
405_FED_20160707b_3T1_PL2017,MDloc_ips224,MD
406_FED_20160601a_3T1_PL2017,MDloc_ips224,MD
407_FED_20160616a_3T2_PL2017,MDloc_ips224,MD
408_FED_20160621a_3T2_PL2017,MDloc_ips224,MD
409_FED_20160622a_3T1_PL2017,MDloc_ips224,MD
409_FED_20160728a_3T2_PL2017,MDloc_ips224,MD
410_FED_20160623b_3T2_PL2017,MDloc_ips224,MD
411_FED_20160624a_3T2_PL2017,MDloc_ips224,MD
412_FED_20160707a_3T1_PL2017,MDloc_ips224,MD
414_FED_20160711b_3T1_PL2017,MDloc_ips224,MD
416_FED_20160802a_3T1_PL2017,MDloc_ips224,MD
417_FED_20160803b_3T1_PL2017,MDloc_ips224,MD
418_FED_20160803a_3T2_PL2017,MDloc_ips224,MD
420_FED_20160805b_3T1_PL2017,MDloc_ips224,MD
421_FED_20160804b_3T1_PL2017,MDloc_ips224,MD
422_FED_20160816a_3T1_PL2017,MDloc_ips224,MD
423_FED_20160817c_3T1_PL2017,MDloc_ips224,MD
424_FED_20160817a_3T1_PL2017,MDloc_ips224,MD
424_FED_20160930a_3T1_PL2017,MDloc_ips224,MD
424_FED_20161102b_3T1_PL2017,MDloc_ips224,MD
425_FED_20160818b_3T1_PL2017,MDloc_ips224,MD
426_FED_20160823a_3T1_PL2017,MDloc_ips224,MD
426_FED_20160908d_3T1_PL2017,MDloc_ips224,MD
427_FED_20160823c_3T1_PL2017,MDloc_ips224,MD
428_FED_20160906a_3T2_PL2017,MDloc_ips224,MD
429_FED_20160906b_3T2_PL2017,MDloc_ips224,MD
431_FED_20160907d_3T2_PL2017,MDloc_ips224,MD
432_FED_20160907a_3T2_PL2017,MDloc_ips224,MD
433_FED_20160908c_3T1_PL2017,MDloc_ips224,MD
434_FED_20160909c_3T2_PL2017,MDloc_ips224,MD
437_FED_20160929_3T1_PL2017,MDloc_ips224,MD
438_FED_20160929a_3T1_PL2017,MDloc_ips224,MD
439_POLY10_20160930_3T1_PL2017,MDloc_ips224,MD
440_FED_20160930_3T2_PL2017,MDloc_ips224,MD
441_FED_20161004a_3T1_PL2017,MDloc_ips224,MD
442_FED_20161004b_3T1_PL2017,MDloc_ips224,MD
443_FED_20161005_3T1_PL2017,MDloc_ips224,MD
444_FED_20161006_3T1_PL2017,MDloc_ips224,MD
445_FED_20161007_3T2_PL2017,MDloc_ips224,MD
446_FED_20161007_3T2_PL2017,MDloc_ips224,MD
447_FED_20170123a_3T2_PL2017,MDloc_ips224,MD
448_FED_20161012b_3T2_PL2017,MDloc_ips224,MD
449_FED_20161012c_3T2_PL2017,MDloc_ips224,MD
449_FED_20170201b_3T2_PL2017,MDloc_ips224,MD
450_FED_20161012_3T1_PL2017,MDloc_ips224,MD
451_FED_20161013_3T1_PL2017,MDloc_ips224,MD
452_POLY11_20161014_3T1_PL2017,MDloc_ips224,MD
453_FED_20161014_3T1_PL2017,MDloc_ips224,MD
454_FED_20161017_3T1_PL2017,MDloc_ips224,MD
455_FED_20161018_3T1_PL2017,MDloc_ips224,MD
457_FED_20161020_3T2_PL2017,MDloc_ips224,MD
458_FED_20161021_3T2_PL2017,MDloc_ips224,MD
459_FED_20161021_3T2_PL2017,MDloc_ips224,MD
460_FED_20161025_3T1_PL2017,MDloc_ips224,MD
461_FED_20161025a_3T1_PL2017,MDloc_ips224,MD
462_FED_20161026_3T1_PL2017,MDloc_ips224,MD
463_FED_20161026_3T1_PL2017,MDloc_ips224,MD
464_FED_20161028_3T2_PL2017,MDloc_ips224,MD
465_FED_20161027_3T1_PL2017,MDloc_ips224,MD
466_FED_20161027_3T1_PL2017,MDloc_ips224,MD
467_FED_20161028_3T1_PL2017,MDloc_ips224,MD
468_FED_20161031_3T1_PL2017,MDloc_ips224,MD
470_FED_20161101_3T1_PL2017,MDloc_ips224,MD
471_FED_20161101_3T1_PL2017,MDloc_ips224,MD
472_FED_20161101a_3T2_PL2017,MDloc_ips224,MD
473_FED_20161102a_3T1_PL2017,MDloc_ips224,MD
473_FED_20190731a_3T2_PL2017,MDloc_ips224,MD
474_FED_20161102_3T1_PL2017,MDloc_ips224,MD
475_FED_20161103a_3T2_PL2017,MDloc_ips224,MD
476_FED_20161103b_3T2_PL2017,MDloc_ips224,MD
477_FED_20161103_3T2_PL2017,MDloc_ips224,MD
478_FED_20161103_3T2_PL2017,MDloc_ips224,MD
479_FED_20161104a_3T2_PL2017,MDloc_ips224,MD
480_FED_20161104_3T1_PL2017,MDloc_ips224,MD
481_FED_20161107_3T1_PL2017,MDloc_ips224,MD
482_FED_20161104_3T1_PL2017,MDloc_ips224,MD
483_FED_20161107d_3T2_PL2017,MDloc_ips224,MD
484_FED_20161108_3T1_PL2017,MDloc_ips224,MD
485_FED_20161108c_3T2_PL2017,MDloc_ips224,MD
486_FED_20161108e_3T2_PL2017,MDloc_ips224,MD
487_FED_20161109e_3T1_PL2017,MDloc_ips224,MD
488_FED_20161109_3T2_PL2017,MDloc_ips224,MD
490_FED_20161115_3T1_PL2017,MDloc_ips224,MD
491_FED_20161115_3T1_PL2017,MDloc_ips224,MD
492_FED_20161116_3T2_PL2017,MDloc_ips224,MD
493_FED_20161117_3T1_PL2017,MDloc_ips224,MD
494_FED_20161114a_3T1_PL2017,MDloc_ips224,MD
494_FED_20170106a_3T2_PL2017,MDloc_ips224,MD
496_FED_20161118_3T1_PL2017,MDloc_ips224,MD
497_FED_20161118_3T1_PL2017,MDloc_ips224,MD
498_FED_20161121a_3T1_PL2017,MDloc_ips224,MD
499_FED_20161121b_3T1_PL2017,MDloc_ips224,MD
500_FED_20161121_3T1_PL2017,MDloc_ips224,MD
501_FED_20161122_3T1_PL2017,MDloc_ips224,MD
502_FED_20161122_3T1_PL2017,MDloc_ips224,MD
503_FED_20161128_3T2_PL2017,MDloc_ips224,MD
504_FED_20161130_3T2_PL2017,MDloc_ips224,MD
505_FED_20161204_3T2_PL2017,MDloc_ips224,MD
506_FED_20161205_3T2_PL2017,MDloc_ips224,MD
507_FED_20161207_3T2_PL2017,MDloc_ips224,MD
508_FED_20161208_3T2_PL2017,MDloc_ips224,MD
509_FED_20161208_3T2_PL2017,MDloc_ips224,MD
510_FED_20161212_3T2_PL2017,MDloc_ips224,MD
512_FED_20161213_3T2_PL2017,MDloc_ips224,MD
513_FED_20161215_3T2_PL2017,MDloc_ips224,MD
514_FED_20161215_3T2_PL2017,MDloc_ips224,MD
515_FED_20161216_3T2_PL2017,MDloc_ips224,MD
517_FED_20161219_3T2_PL2017,MDloc_ips224,MD
518_FED_20161219_3T2_PL2017,MDloc_ips224,MD
519_FED_20161220_3T2_PL2017,MDloc_ips224,MD
520_FED_20161227a_3T2_PL2017,MDloc_ips224,MD
521_FED_20161228a_3T2_PL2017,MDloc_ips224,MD
524_FED_20170105a_3T2_PL2017,MDloc_ips224,MD
525_FED_20170109a_3T2_PL2017,MDloc_ips224,MD
526_FED_20170111a_3T2_PL2017,MDloc_ips224,MD
527_FED_20170113a_3T2_PL2017,MDloc_ips224,MD
528_FED_20170116a_3T2_PL2017,MDloc_ips224,MD
529_FED_20170116b_3T2_PL2017,MDloc_ips224,MD
530_FED_20170114a_3T2_PL2017,MDloc_ips224,MD
532_FED_20170118b_3T2_PL2017,MDloc_ips224,MD
533_FED_20170119_3T2_PL2017,MDloc_ips224,MD
534_FED_20170119b_3T2_PL2017,MDloc_ips224,MD
535_FED_20170123b_3T2_PL2017,MDloc_ips224,MD
536_FED_20170125a_3T2_PL2017,MDloc_ips224,MD
537_FED_20170126b_3T2_PL2017,MDloc_ips224,MD
538_FED_20170127_3T2_PL2017,MDloc_ips224,MD
541_FED_20170203b_3T2_PL2017,MDloc_ips224,MD
542_FED_20170207_3T2_PL2017,MDloc_ips224,MD
543_FED_20170206_3T2_PL2017,MDloc_ips224,MD
544_FED_20170210_3T2_PL2017,MDloc_ips224,MD
545_FED_20170217c_3T2_PL2017,MDloc_ips224,MD
546_FED_20170223_3T2_PL2017,MDloc_ips224,MD
547_FED_20170222_3T2_PL2017,MDloc_ips224,MD
548_FED_20170227_3T2_PL2017,MDloc_ips224,MD
550_FED_20170228c_3T2_PL2017,MDloc_ips224,MD
551_FED_20170302b_3T2_PL2017,MDloc_ips224,MD
551_FED_20170328a_3T2_PL2017,MDloc_ips224,MD
552_FED_20170307a_3T2_PL2017,MDloc_ips224,MD
553_FED_20170313d_3T2_PL2017,MDloc_ips224,MD
554_FED_20170315a_3T2_PL2017,MDloc_ips224,MD
555_FED_20170315b_3T2_PL2017,MDloc_ips224,MD
556_FED_20170316b_3T2_PL2017,MDloc_ips224,MD
557_FED_20170317a_3T2_PL2017,MDloc_ips224,MD
558_FED_20170320a_3T2_PL2017,MDloc_ips224,MD
559_FED_20170320c_3T2_PL2017,MDloc_ips224,MD
560_FED_20170322b_3T2_PL2017,MDloc_ips224,MD
561_FED_20170327_3T2_PL2017,MDloc_ips224,MD
562_FED_20170327b_3T2_PL2017,MDloc_ips224,MD
563_FED_20170327c_3T2_PL2017,MDloc_ips224,MD
564_FED_20170406_3T2_PL2017,MDloc_ips224,MD
565_FED_20170406_3T2_PL2017,MDloc_ips224,MD
569_FED_20170410b_3T2_PL2017,MDloc_ips224,MD
570_FED_20170410_3T2_PL2017,MDloc_ips224,MD
572_FED_20170413a_3T2_PL2017,MDloc_ips224,MD
573_FED_20170413b_3T2_PL2017,MDloc_ips224,MD
574_FED_20170413c_3T2_PL2017,MDloc_ips224,MD
575_FED_20170414a_3T2_PL2017,MDloc_ips224,MD
576_FED_20170414b_3T2_PL2017,MDloc_ips224,MD
577_FED_20170414c_3T2_PL2017,MDloc_ips224,MD
577_FED_20200305d_3T2_PL2017,MDloc_ips224,MD
578_FED_20170414d_3T2_PL2017,MDloc_ips224,MD
579_FED_20170418_3T2_PL2017,MDloc_ips224,MD
580_FED_20170418_3T2_PL2017,MDloc_ips224,MD
581_FED_20170418_3T2_PL2017,MDloc_ips224,MD
582_FED_20170420a_3T2_PL2017,MDloc_ips224,MD
582_FED_20190726b_3T2_PL2017,MDloc_ips224,MD
583_FED_20170420c_3T2_PL2017,MDloc_ips224,MD
583_FED_20170720d_3T2_PL2017,MDloc_ips224,MD
584_FED_20170421a_3T2_PL2017,MDloc_ips224,MD
585_FED_20170329a_3T2_PL2017,MDloc_ips224,MD
587_FED_20170423a_3T2_PL2017,MDloc_ips224,MD
588_FED_20170422c_3T2_PL2017,MDloc_ips224,MD
589_FED_20170422a_3T2_PL2017,MDloc_ips224,MD
590_FED_20170422b_3T2_PL2017,MDloc_ips224,MD
591_FED_20170422d_3T2_PL2017,MDloc_ips224,MD
592_FED_20170423b_3T2_PL2017,MDloc_ips224,MD
593_FED_20170423c_3T2_PL2017,MDloc_ips224,MD
594_FED_20170423d_3T2_PL2017,MDloc_ips224,MD
595_FED_20170425b_3T2_PL2017,MDloc_ips224,MD
596_FED_20170426b_3T2_PL2017,MDloc_ips224,MD
597_FED_20170427a_3T2_PL2017,MDloc_ips224,MD
598_FED_20170428a_3T2_PL2017,MDloc_ips224,MD
600_FED_20170428b_3T2_PL2017,MDloc_ips224,MD
601_FED_20170501a_3T2_PL2017,MDloc_ips224,MD
602_FED_20170526b_3T2_PL2017,MDloc_ips224,MD
603_FED_20170502a_3T2_PL2017,MDloc_ips224,MD
604_FED_20170502b_3T2_PL2017,MDloc_ips224,MD
605_FED_20170505a_3T2_PL2017,MDloc_ips224,MD
606_FED_20170515a_3T2_PL2017,MDloc_ips224,MD
607_FED_20170517a_3T2_PL2017,MDloc_ips224,MD
608_FED_20170518a_3T2_PL2017,MDloc_ips224,MD
609_FED_20170523c_3T2_PL2017,MDloc_ips224,MD
610_FED_20170523a_3T2_PL2017,MDloc_ips224,MD
611_FED_20170524_3T2_PL2017,MDloc_ips224,MD
613_FED_20170526a_3T2_PL2017,MDloc_ips224,MD
614_FED_20170525a_3T2_PL2017,MDloc_ips224,MD
616_FED_20170601a_3T2_PL2017,MDloc_ips224,MD
617_FED_20170605_3T2_PL2017,MDloc_ips224,MD
618_FED_20170612_3T2_PL2017,MDloc_ips224,MD
619_FED_20170613_3T2_PL2017,MDloc_ips224,MD
620_FED_20170613_3T2_PL2017,MDloc_ips224,MD
621_FED_20170613a_3T2_PL2017,MDloc_ips224,MD
622_FED_20170614d_3T2_PL2017,MDloc_ips224,MD
623_FED_20170614e_3T2_PL2017,MDloc_ips224,MD
624_FED_20170619b_3T2_PL2017,MDloc_ips224,MD
625_FED_20170619a_3T2_PL2017,MDloc_ips224,MD
626_FED_20170619c_3T2_PL2017,MDloc_ips224,MD
627_FED_20170620a_3T2_PL2017,MDloc_ips224,MD
628_FED_20170620_3T2_PL2017,MDloc_ips224,MD
629_FED_20170620c_3T2_PL2017,MDloc_ips224,MD
630_FED_20170621c_3T2_PL2017,MDloc_ips224,MD
631_FED_20170621d_3T2_PL2017,MDloc_ips224,MD
632_FED_20170623a_3T2_PL2017,MDloc_ips224,MD
633_FED_20170626a_3T2_PL2017,MDloc_ips224,MD
634_FED_20170626_3T2_PL2017,MDloc_ips224,MD
635_FED_20170627_3T2_PL2017,MDloc_ips224,MD
636_FED_20170628b_3T2_PL2017,MDloc_ips224,MD
637_FED_20170628c_3T2_PL2017,MDloc_ips224,MD
638_FED_20170628_3T2_PL2017,MDloc_ips224,MD
639_FED_20170628d_3T2_PL2017,MDloc_ips224,MD
640_FED_20170629c_3T2_PL2017,MDloc_ips224,MD
641_FED_20170629b_3T2_PL2017,MDloc_ips224,MD
642_FED_20170629a_3T2_PL2017,MDloc_ips224,MD
643_FED_20170630c_3T2_PL2017,MDloc_ips224,MD
644_FED_20170630f_3T2_PL2017,MDloc_ips224,MD
646_FED_20170630d_3T2_PL2017,MDloc_ips224,MD
647_FED_20170705_3T2_PL2017,MDloc_ips224,MD
648_FED_20170707_3T2_PL2017,MDloc_ips224,MD
649_FED_20170710c_3T2_PL2017,MDloc_ips224,MD
652_FED_20170710d_3T2_PL2017,MDloc_ips224,MD
655_FED_20170724a_3T2_PL2017,MDloc_ips224,MD
656_FED_20170724c_3T2_PL2017,MDloc_ips224,MD
657_POLY18_20170724b_3T2_PL2017,MDloc_ips224,MD
658_FED_20170725d_3T2_PL2017,MDloc_ips224,MD
659_FED_20170726d_3T2_PL2017,MDloc_ips224,MD
660_FED_20170728c_3T2_PL2017,MDloc_ips224,MD
661_FED_20170731b_3T2_PL2017,MDloc_ips224,MD
662_FED_20170803b_3T2_PL2017,MDloc_ips224,MD
663_POLY19_20170803c_3T2_PL2017,MDloc_ips224,MD
664_FED_20170816a_3T2_PL2017,MDloc_ips224,MD
665_FED_20170828b_3T2_PL2017,MDloc_ips224,MD
666_FED_20170830a_3T2_PL2017,MDloc_ips224,MD
668_POLY20_20170928a_3T2_PL2017,MDloc_ips224,MD
669_FED_20171108a_3T2_PL2017,MDloc_ips224,MD
670_FED_20171208a_3T2_PL2017,MDloc_ips224,MD
671_FED_20190625a_3T2_PL2017,MDloc_ips224,MD
672_FED_20180702a_3T2_PL2017,MDloc_ips224,MD
673_FED_20190809a_3T2_PL2017,MDloc_ips224,MD
674_FED_20180730b_3T2_PL2017,MDloc_ips224,MD
676_FED_20180727a_3T2_PL2017,MDloc_ips224,MD
677_FED_20180729a_3T2_PL2017,MDloc_ips224,MD
679_FED_20180730c_3T2_PL2017,MDloc_ips224,MD
680_FED_20180802b_3T2_PL2017,MDloc_ips224,MD
680_FED_20190702b_3T2_PL2017,MDloc_ips224,MD
681_FED_20180803a_3T2_PL2017,MDloc_ips224,MD
682_FED_20180803b_3T2_PL2017,MDloc_ips224,MD
683_FED_20180803c_3T2_PL2017,MDloc_ips224,MD
684_FED_20180803d_3T2_PL2017,MDloc_ips224,MD
685_FED_20180808a_3T2_PL2017,MDloc_ips224,MD
686_FED_20180809a_3T2_PL2017,MDloc_ips224,MD
687_FED_20180809b_3T2_PL2017,MDloc_ips224,MD
687_FED_20190801a_3T2_PL2017,MDloc_ips224,MD
688_FED_20180914a_3T2_PL2017,MDloc_ips224,MD
689_FED_20181010a_3T2_PL2017,MDloc_ips224,MD
690_FED_20181012a_3T2_PL2017,MDloc_ips224,MD
691_FED_20181018a_3T2_PL2017,MDloc_ips224,MD
692_FED_20181018b_3T2_PL2017,MDloc_ips224,MD
693_FED_20181029a_3T2_PL2017,MDloc_ips224,MD
694_FED_20181101a_3T2_PL2017,MDloc_ips224,MD
695_FED_20181113a_3T2_PL2017,MDloc_ips224,MD
696_FED_20181115a_3T2_PL2017,MDloc_ips224,MD
697_FED_20181119a_3T2_PL2017,MDloc_ips224,MD
698_FED_20181129a_3T2_PL2017,MDloc_ips224,MD
699_FED_20181129b_3T2_PL2017,MDloc_ips224,MD
700_FED_20181128a_3T2_PL2017,MDloc_ips224,MD
702_FED_20181214a_3T2_PL2017,MDloc_ips224,MD
704_FED_20190107a_3T2_PL2017,MDloc_ips224,MD
705_FED_20190117a_3T2_PL2017,MDloc_ips224,MD
706_FED_20190117b_3T2_PL2017,MDloc_ips224,MD
707_FED_20190117c_3T2_PL2017,MDloc_ips224,MD
708_FED_20190117d_3T2_PL2017,MDloc_ips224,MD
712_FED_20190702a_3T2_PL2017,MDloc_ips224,MD
713_FED_20190130a_3T2_PL2017,MDloc_ips224,MD
714_FED_20190712a_3T2_PL2017,MDloc_ips224,MD
714_FED_20200220a_3T2_PL2017,MDloc_ips224,MD
716_FED_20190624a_3T2_PL2017,MDloc_ips224,MD
717_FED_20190624c_3T2_PL2017,MDloc_ips224,MD
718_FED_20190624b_3T2_PL2017,MDloc_ips224,MD
720_FED_20190625c_3T2_PL2017,MDloc_ips224,MD
721_FED_20190605a_3T2_PL2017,MDloc_ips224,MD
724_FED_20190624d_3T2_PL2017,MDloc_ips224,MD
724_FED_20190802a_3T2_PL2017,MDloc_ips224,MD
724_FED_20200211b_3T2_PL2017,MDloc_ips224,MD
725_FED_20190215a_3T2_PL2017,MDloc_ips224,MD
726_FED_20190226a_3T2_PL2017,MDloc_ips224,MD
727_FED_20190226b_3T2_PL2017,MDloc_ips224,MD
729_FED_20190226d_3T2_PL2017,MDloc_ips224,MD
730_FED_20190306a_3T2_PL2017,MDloc_ips224,MD
731_FED_20190306b_3T2_PL2017,MDloc_ips224,MD
732_FED_20190307_3T2_PL2017,MDloc_ips224,MD
733_FED_20190307b_3T2_PL2017,MDloc_ips224,MD
734_FED_20190313a_3T2_PL2017,MDloc_ips224,MD
734_FED_20200113a_3T2_PL2017,MDloc_ips224,MD
735_FED_20190314a_3T2_PL2017,MDloc_ips224,MD
737_FED_20190314c_3T2_PL2017,MDloc_ips224,MD
738_FED_20190319a_3T2_PL2017,MDloc_ips224,MD
739_FED_20190319b_3T2_PL2017,MDloc_ips224,MD
740_FED_20190319c_3T2_PL2017,MDloc_ips224,MD
741_FED_20190320a_3T2_PL2017,MDloc_ips224,MD
742_FED_20190320b_3T2_PL2017,MDloc_ips224,MD
743_FED_20190320c_3T2_PL2017,MDloc_ips224,MD
744_FED_20190320d_3T2_PL2017,MDloc_ips224,MD
745_FED_20190321a_3T2_PL2017,MDloc_ips224,MD
746_FED_20190328a_3T2_PL2017,MDloc_ips224,MD
747_FED_20190328b_3T2_PL2017,MDloc_ips224,MD
748_FED_20190328c_3T2_PL2017,MDloc_ips224,MD
749_FED_20190404a_3T2_PL2017,MDloc_ips224,MD
750_FED_20190404b_3T2_PL2017,MDloc_ips224,MD
751_FED_20190404c_3T2_PL2017,MDloc_ips224,MD
752_FED_20190404d_3T2_PL2017,MDloc_ips224,MD
753_FED_20190405a_3T2_PL2017,MDloc_ips224,MD
754_FED_20190405b_3T2_PL2017,MDloc_ips224,MD
755_FED_20190411a_3T2_PL2017,MDloc_ips224,MD
756_FED_20190411b_3T2_PL2017,MDloc_ips224,MD
758_FED_20190411d_3T2_PL2017,MDloc_ips224,MD
759_FED_20190415a_3T2_PL2017,MDloc_ips224,MD
761_FED_20190416a_3T2_PL2017,MDloc_ips224,MD
762_FED_20190416b_3T2_PL2017,MDloc_ips224,MD
763_FED_20190416c_3T2_PL2017,MDloc_ips224,MD
764_FED_20190416d_3T2_PL2017,MDloc_ips224,MD
765_FED_20190417a_3T2_PL2017,MDloc_ips224,MD
765_FED_20190709a_3T2_PL2017,MDloc_ips224,MD
766_FED_20190418a_3T2_PL2017,MDloc_ips224,MD
767_FED_20190402a_3T2_PL2017,MDloc_ips224,MD
767_FED_20190724b_3T2_PL2017,MDloc_ips224,MD
769_FED_20190522a_3T2_PL2017,MDloc_ips224,MD
770_FED_20190523b_3T2_PL2017,MDloc_ips224,MD
770_FED_20190713a_3T2_PL2017,MDloc_ips224,MD
770_FED_20191204d_3T2_PL2017,MDloc_ips224,MD
771_FED_20190525a_3T2_PL2017,MDloc_ips224,MD
772_FED_20190525b_3T2_PL2017,MDloc_ips224,MD
773_FED_20190605c_3T2_PL2017,MDloc_ips224,MD
774_FED_20190605b_3T2_PL2017,MDloc_ips224,MD
779_FED_20191106e_3T2_PL2017,MDloc_ips224,MD
780_FED_20190625b_3T2_PL2017,MDloc_ips224,MD
781_FED_20190625d_3T2_PL2017,MDloc_ips224,MD
782_FED_20190626a_3T2_PL2017,MDloc_ips224,MD
783_FED_20190627a_3T2_PL2017,MDloc_ips224,MD
784_FED_20190712b_3T2_PL2017,MDloc_ips224,MD
785_FED_20190714a_3T2_PL2017,MDloc_ips224,MD
786_FED_20190719b_3T2_PL2017,MDloc_ips224,MD
787_FED_20190719c_3T2_PL2017,MDloc_ips224,MD
788_FED_20190724a_3T2_PL2017,MDloc_ips224,MD
789_FED_20190726a_3T2_PL2017,MDloc_ips224,MD
791_FED_20191023a_3T2_PL2017,MDloc_ips224,MD
792_FED_20191023b_3T2_PL2017,MDloc_ips224,MD
793_FED_20191023c_3T2_PL2017,MDloc_ips224,MD
794_FED_20191023d_3T2_PL2017,MDloc_ips224,MD
795_FED_20191030b_3T2_PL2017,MDloc_ips224,MD
796_FED_20191030c_3T2_PL2017,MDloc_ips224,MD
797_FED_20191030d_3T2_PL2017,MDloc_ips224,MD
797_FED_20200226a_3T2_PL2017,MDloc_ips224,MD
799_FED_20191031a_3T2_PL2017,MDloc_ips224,MD
800_FED_20191102a_3T2_PL2017,MDloc_ips224,MD
801_FED_20191113a_3T2_PL2017,MDloc_ips224,MD
803_FED_20191113c_3T2_PL2017,MDloc_ips224,MD
804_FED_20191122a_3T2_PL2017,MDloc_ips224,MD
805_FED_20191204a_3T2_PL2017,MDloc_ips224,MD
806_FED_20191204b_3T2_PL2017,MDloc_ips224,MD
807_FED_20191204c_3T2_PL2017,MDloc_ips224,MD
808_FED_20191210a_3T2_PL2017,MDloc_ips224,MD
809_FED_20191212b_3T2_PL2017,MDloc_ips224,MD
810_FED_20191212a_3T2_PL2017,MDloc_ips224,MD
811_FED_20191213a_3T2_PL2017,MDloc_ips224,MD
812_FED_20191213b_3T2_PL2017,MDloc_ips224,MD
813_FED_20191213c_3T2_PL2017,MDloc_ips224,MD
814_FED_20200113b_3T2_PL2017,MDloc_ips224,MD
815_FED_20200113c_3T2_PL2017,MDloc_ips224,MD
816_FED_20200117a_3T2_PL2017,MDloc_ips224,MD
817_FED_20200117b_3T2_PL2017,MDloc_ips224,MD
818_FED_20200117c_3T2_PL2017,MDloc_ips224,MD
819_FED_20200117d_3T2_PL2017,MDloc_ips224,MD
820_FED_20200120a_3T2_PL2017,MDloc_ips224,MD
821_FED_20200123a_3T2_PL2017,MDloc_ips224,MD
821_FED_20200305c_3T2_PL2017,MDloc_ips224,MD
822_FED_20200123b_3T2_PL2017,MDloc_ips224,MD
823_FED_20200123c_3T2_PL2017,MDloc_ips224,MD
824_FED_20200130a_3T2_PL2017,MDloc_ips224,MD
825_FED_20200130b_3T2_PL2017,MDloc_ips224,MD
825_FED_20200220b_3T2_PL2017,MDloc_ips224,MD
826_FED_20200130c_3T2_PL2017,MDloc_ips224,MD
827_FED_20200130d_3T2_PL2017,MDloc_ips224,MD
827_FED_20200305b_3T2_PL2017,MDloc_ips224,MD
828_FED_20200205c_3T2_PL2017,MDloc_ips224,MD
829_FED_20200211a_3T2_PL2017,MDloc_ips224,MD
830_FED_20200213a_3T2_PL2017,MDloc_ips224,MD
832_FED_20200220c_3T2_PL2017,MDloc_ips224,MD
833_FED_20200224a_3T2_PL2017,MDloc_ips224,MD
834_FED_20200303a_3T2_PL2017,MDloc_ips224,MD
835_FED_20200305a_3T2_PL2017,MDloc_ips224,MD